序号,人群,问题分类,问题名称,原理,方法名称,三字经,方法详情,附件,老年人-适用时间段,高精质-适用时间段,未孕女性-适用时间段,备孕女性-适用时间段,待产女性-适用时间段,产后女性-适用时间段,已育女性-适用时间段
1,,整体,增高,\t睡眠充足有利于在晚上深睡眠时出现生长激素分泌高峰。,充足睡眠,少睡眠，激素缺，睡饱饱，长高高,\t每天最好有8～10小时的睡眠。,/photo/shuimiannv.jpg,,,睡眠,睡眠,,睡眠,睡眠
2,,整体,增高,\t牛奶中含有促进睡眠的L-色氨酸。,睡前喝牛奶,喝牛奶，助安眠，睡前饮，可安神,\t睡前1小时喝杯牛奶可助睡眠。,/photo/niunai.jpg,,,睡前,睡前,,睡前,睡前
3,,整体,增高,\t现代人的生活节奏快、工作压力大，泡个热水澡能减少身体疲劳，缓解压力，提高睡眠质量。,泡热水澡,热水澡，减疲劳，缓压力，助安眠,\t泡澡时水温宜42度以下；可以在泡澡水中加入适量精油。,/photo/paozao.jpg,,,睡前,睡前,,睡前,睡前
4,,整体,增高,\t现代人的生活节奏快、工作压力大，泡脚能减少身体疲劳，缓解压力，提高睡眠质量。,睡前泡脚,热水澡，减疲劳，缓压力，助安眠,\t建议用木桶泡脚，水温40℃左右，泡15-20分钟。,/photo/mutongpaojiao.jpg,,,睡前,睡前,,睡前,睡前
5,,整体,增高,\t多晒太阳有利于促进身体物质合成，帮助人体获得维生素D。 ,多晒太阳,晒太阳，补钙质，增维D，助长高,\t别晒过头了，适度就行。,/photo/shaitaiyang.jpg,,,醒来-平静-起床,醒来-平静-起床,,醒来-平静-起床,醒来-平静-起床
6,,五官,眼睛浮肿,\t避免用眼过度。,勿过劳,眼睛肿，忌过度，勤休息，常闭目,\t工作1小时就休息一下眼睛，做做眼保健操，闭目养养神。,/photo/yanbaojiancao.jpg,主任务1,主任务1,主任务1,主任务1,主任务1,主任务1,主任务1
7,,五官,眼睛浮肿,\t熬夜降低血液循环系统效率，使身体来不及将体内多余的废水排出去，水分滞留在微血管内，甚至回渗到皮肤中，便产生了膨胀浮肿现象。,不熬夜,不熬夜，促循环，眼浮肿，需早眠,\t白天尽量早点把事情做完，晚上早点上床休息。,/photo/buaoye.jpg,睡前,睡前,睡前,睡前,睡前,睡前,睡前
8,,五官,眼睛浮肿,\t促进眼部血液循环。,冷水洗脸,眼睛肿，因循环，用冷水，常洗面,\t洗脸的时候，使用冷水洗，可刺激眼部血液循环，达到消除浮肿的作用，热胀冷缩的原理大家也都知道，这是消除浮肿最快最简单的方法了。,/photo/lengshuixilian.jpg,洗漱更衣,洗漱更衣,洗漱更衣,洗漱更衣,洗漱更衣,洗漱更衣,洗漱更衣
9,,五官,眼睛浮肿,\t促进眼部血液循环。,用稍高的枕头,眼睛肿，因循环，用高枕，助安眠,\t检查一下自己平时睡的枕头，如果太低的话，就换一个稍高点的枕头吧。,/photo/zhentou.jpg,睡前,睡前,睡前,睡前,睡前,睡前,睡前
10,,五官,眼睛浮肿,\t喝酒后血液被酒精稀释，血液循环加快，导致血液与组织间隙间的渗透压加大，造成局部水肿。眼睑部的皮下组织是人体最松弛的体表部位，所以，水肿首先表现在这里。,睡前勿饮酒,入睡前，勿饮酒，促循环，去水肿,\t如果睡前实在想喝点东西的话，就把酒杯换成水杯吧。,/photo/buxujiu.png,睡前,睡前,睡前,睡前,睡前,睡前,睡前
11,,五官,眼睛浮肿,\t促进眼部血液循环。,木板斜卧,眼睛肿，因循环，日斜卧，促循环,\t每天斜卧在一块斜面木板上几分钟，借此姿势增加头面血液循环。,/photo/xiemuban.jpg,睡前,睡前,睡前,睡前,睡前,睡前,睡前
12,,五官,眼睛浮肿,\t促进眼部血液循环。,涂眼霜,眼睛肿，因循环，涂眼霜，皮紧绷,\t在眼睛四周涂抹一些眼霜，促进眼睛四周的血液循环，使皮肤紧绷。,/photo/yanshuang.jpg,睡前,睡前,睡前,睡前,睡前,睡前,睡前
13,,五官,眼睛浮肿,\t温冷疗法利用温度差，促进眼部血液循环，使眼睛周围收缩紧实。,温冷毛巾敷眼,温冷法，促循环，巾敷眼，去浮肿,"\t用毛巾包着保冷剂或者浸透沾满化妆水的化妆棉和温毛巾交替进行，静置5到6分钟马上就会看到效果,如果敷得更久的话会让眼部更加紧实哦！",/photo/wenlengmaojinfuyan.jpg,洗漱更衣,洗漱更衣,洗漱更衣,洗漱更衣,洗漱更衣,洗漱更衣,洗漱更衣
14,,五官,眼睛浮肿,\t茶叶中所含的单宁酸是一种很好的收剑剂，可有效消除浮肿。,茶包敷眼,单宁酸，助收敛，隔夜茶，去浮肿,\t将泡过的隔夜茶包，进行敷眼，10分钟后拿下洗净。,/photo/chabaofuyan.jpeg,洗漱更衣,洗漱更衣,洗漱更衣,洗漱更衣,洗漱更衣,洗漱更衣,洗漱更衣
15,,五官,眼睛浮肿,\t小黄瓜具有紧肤消除浮肿的作用。,黄瓜敷眼,小黄瓜，敷眼周，十分钟，去浮肿,\t1、将小黄瓜洗净切片，将切成薄皮的小黄瓜敷在眼部，10分钟后取下洗净即可。\n\t2、天气寒冷小黄瓜会有冰冷的感觉，所以不需要冷藏了。,/photo/huangguafuyan.jpg,洗漱更衣,洗漱更衣,洗漱更衣,洗漱更衣,洗漱更衣,洗漱更衣,洗漱更衣
16,,五官,眼球晦暗,\t长时间看一个东西，会伤耗大量的肝血，导致用眼疲劳。,避免长时间看书,眼疲劳，易伤肝，常眺望，宜保健,\t看一段时间后，可向远处眺望，或做眼保健操来缓解眼部疲劳。,/photo/kanshu.jpg,主任务1,主任务1,,,,,
17,,五官,眼球晦暗,\t长时间看一个东西，会伤耗大量的肝血，导致用眼疲劳。,避免长时间看电视,眼疲劳，易伤肝，常眺望，宜保健,\t看一段时间后，可向远处眺望，或做眼保健操来缓解眼部疲劳。,/photo/dianshi.jpg,睡前,睡前,,,,,
18,,五官,眼球晦暗,\t长时间看一个东西，会伤耗大量的肝血，导致用眼疲劳。,避免长时间玩电脑,眼疲劳，易伤肝，常眺望，宜保健,\t看一段时间后，可向远处眺望，或做眼保健操来缓解眼部疲劳。,/photo/diannao.jpg,主任务2,主任务2,,,,,
19,,五官,眼球晦暗,\t长时间看一个东西，会伤耗大量的肝血，导致用眼疲劳。,避免长时间打游戏,眼疲劳，易伤肝，常眺望，宜保健,\t看一段时间后，可向远处眺望，或做眼保健操来缓解眼部疲劳。,/photo/dayouxi.jpg,主任务1,睡前,,,,,
20,,五官,眼球晦暗,\t中医上有“久坐伤肾”的说法，久坐不动会压迫位于臀部和大腿部的膀胱经，造成膀胱经气血运行不畅，导致膀胱功能失常，而肾又与膀胱相表里，所以膀胱受伤势必会影响到肾，而肾又是生血的器官。所以久坐会导致人气血双虚。,不要久坐不动,长久坐，易压迫，气血虚，需调和,\t每间隔一两个小时就站起来活动下筋骨，让浑身的气血能够充盈通畅、气血调和。,/photo/bujiuzuo.jpg,主任务1,主任务1,,,,,
21,,五官,眼球晦暗,\t出汗过多导致气血过度消耗，而致气血两亏。,运动适度，勿过量,出汗多，气血虚，动适度，方可保,\t在运动的时候，只要浑身微微发汗就可以了，切莫让自己累得满头大汗才觉得有效果，凡事都应适可而止。,/photo/shiduyundong.jpg,主任务1,主任务2,,,,,
22,,五官,迎风流泪,\t作息规律，注意保养，增强体质。,早睡早起,规作息，注保养，早睡起，强体质,\t早睡早起是对身体最好的保养方式。,/photo/zaoshuizaoqi.jpg,睡前,睡前,睡前,睡前,睡前,睡前,睡前
23,,五官,迎风流泪,\t作息规律，注意保养，增强体质。,不熬夜或太晚睡觉,规作息，注保养，不熬夜，强体质,\t晚上11点前要上床睡觉。,/photo/11dian.jpg,睡前,睡前,睡前,睡前,睡前,睡前,睡前
24,,五官,迎风流泪,\t避免眼部遭受冷风、烟尘刺激。,不要待在有刺激性气体或烟尘的屋中或环境中,避冷风，远烟尘，莫刺激，常通风,\t尽量避免在刺激性的环境中停留过长时间。,/photo/yanchen.jpg,主任务1,主任务1,主任务1,主任务1,主任务1,主任务1,主任务1
25,,五官,迎风流泪,\t减轻眼疲劳或减少眼疲劳的发生，进而消除因眼疲劳引发的流泪不适症状。,佩戴防护眼镜,减疲劳，去不适，避强光，注防护,\t平时驾车、骑车者在气候变更或光照强烈时，应配戴防护眼镜。,/photo/fanghuyanjiing.jpg,主任务2,主任务2,主任务2,主任务2,主任务2,主任务2,主任务2
26,,五官,迎风流泪,\t减轻眼疲劳或减少眼疲劳的发生，进而消除因眼疲劳引发的流泪不适症状。,及时矫正屈光不正,减疲劳，去不适，避强光，及矫正,\t远视、散光等应及时矫正，配戴适度眼镜。,/photo/quguangbuzheng.jpg,主任务1,主任务1,主任务1,主任务1,主任务1,主任务1,主任务1
27,,五官,迎风流泪,\t揉眼睛或滥用药物，会加重症状。,不揉眼睛或自用、滥用药物,勿揉眼，忌滥药，速就医，免延误,\t眼部出现涩痒不适或灼热、泪出等症，应及时就医，以免延误病情。,/photo/burouyanjing.jpg,主任务1,主任务1,主任务1,主任务1,主任务1,主任务1,主任务1
28,,五官,眼袋,\t黄瓜具有补水消肿的作用。,黄瓜敷眼,黄瓜片，补水分，消肿胀，擦眼霜,\t1、将黄瓜切薄片敷在清洁好的眼部皮肤上，5分钟换一片，20分钟后取下洗净，再擦上眼霜。\n\t2、但记住敷完后不要晒太阳，因为这个时候皮肤非常干净细薄，很容易被晒伤，出现雀斑。,/photo/huangguafuyan.jpg,洗漱更衣,洗漱更衣,洗漱更衣,洗漱更衣,洗漱更衣,洗漱更衣,洗漱更衣
29,,五官,眼袋,\t冰块具有消肿镇痛的作用，可以快速消除眼袋。,冰敷,用冰块，消水肿，镇痛感，除眼袋,\t可用无菌纱布包裹住两三粒冰块，清洁好眼部，将包裹好的冰块放在眼袋上上面。,/photo/bingfu.gif,洗漱更衣,洗漱更衣,洗漱更衣,洗漱更衣,洗漱更衣,洗漱更衣,洗漱更衣
30,,五官,眼袋,\t睡觉之前喝过多的水很容易引起眼睛水肿，这是因为大量的水滞留在了皮肤的毛细血管中，使人看起来浮肿。特别是在眼睛皮肤细嫩，毛细血管较多的地方，水肿的痕迹会更加明显。,睡前1小时不大量喝水,睡觉前，少饮水，防水肿，去眼袋,\t可以试着在睡觉前半小时喝下100毫升左右白开水，这样能够给身体时间慢慢吸收代谢喝下去的水。,/photo/shui.jpg,睡前,睡前,睡前,睡前,睡前,睡前,睡前
31,,五官,眼袋,\t眼霜可增强眼部皮肤表皮细胞活力，使皮肤光泽富有弹性。使用后可收紧眼袋。,选择合适的眼霜,涂眼霜，增活力，有光泽，富弹性,\t要选用质地清爽的产品，油分太多的眼霜，比较难吸收，容易产生油脂粒。,/photo/yanshuang.jpg,睡前,睡前,睡前,睡前,睡前,睡前,睡前
32,,五官,眼袋,\t利用高渗透压力的原理，将水分由低往高引流，藉此将水分排出。,盐水敷眼睛,高渗透，水引流，排废水，去浮肿,\t将盐融化在水中，然后用化妆棉蘸取盐水敷在眼睛浮肿位置。,/photo/yanshuifuyan.jpg,洗漱更衣,洗漱更衣,洗漱更衣,洗漱更衣,洗漱更衣,洗漱更衣,洗漱更衣
33,,五官,眼袋,\t给肌肤补充胶原蛋白。出现眼袋是因为皮肤中胶原蛋白流失，皮肤细胞没有支撑体，皮肤变得松弛，眼袋就出现了。,敷胶原蛋白眼膜,补蛋白，敷眼膜，防松弛，除眼袋,\t每星期敷两次含胶原蛋白的眼膜。,/photo/yanmo.jpg,睡前,睡前,睡前,睡前,睡前,睡前,睡前
34,,五官,黑眼圈,\t促进新陈代谢，加快血液循环。,泡澡,促代谢，快循环，常泡澡，淡眼圈,\t每天泡澡半小时。,/photo/xizao1.jpg,睡前,睡前,睡前,睡前,睡前,睡前,睡前
35,,五官,黑眼圈,\t过度揉眼睛会伤害肌肤，使肌肤出现黯沉感。,不要揉眼睛,勿揉眼，保肌肤，易暗沉，淡眼圈,\t改掉喜欢揉眼睛的毛病。,/photo/burouyanjing.jpg,主任务1,主任务1,主任务1,主任务1,主任务1,主任务1,主任务1
36,,五官,黑眼圈,\t促进新陈代谢，加快血液循环。,冷热交替敷眼,促代谢，快循环，冷热替，敷眼睛,\t1、准备的物品：脸盆、微波炉、保鲜膜、两条毛巾。\n\t2、在脸盆内倒入冷水，再加入冰块，再将毛巾浸泡1分钟左右制成冰毛巾(若没有冰块可用冰水代替)。\n\t3、毛巾变冷后拧去水分，但注意不要拧得太干，否则毛巾会无法保持温度。\n\t4、将另一条毛巾完全浸湿后，用保鲜膜包好放进微波炉里加热大约1分钟备用。\n\t5、仰头，将冰毛巾折叠敷在眼睛上，直到觉得脖子累时停止。\n\t6、此时换热毛巾敷眼睛，冷热交替让血液循环更佳。记住，必须冷热敷交替做5次。\n\t7、注意！热敷可别烫伤肌肤。在热敷时，务必注意热毛巾的温度不超过42℃，否则会加快肌肤老化。,/photo/fuyan.jpg,洗漱更衣,洗漱更衣,洗漱更衣,洗漱更衣,洗漱更衣,洗漱更衣,洗漱更衣
37,,五官,黑眼圈,\t紫外线导致黑色素生成并残留在表皮，使用防晒霜可以帮助机体抵抗紫外线。,养成搽防晒霜的习惯,紫外线，黑色素，防晒霜，淡眼圈,\t就算只出门10分钟、即使是阴天也要养成搽防晒霜的习惯，否则黑色素就会找上你。,/photo/fangshai.jpg,洗漱更衣,洗漱更衣,洗漱更衣,洗漱更衣,洗漱更衣,洗漱更衣,洗漱更衣
38,,五官,黑眼圈,\t利用眼膜的密闭效果让有效成分完全渗透，进行集中美白。,敷美白眼膜,用眼膜，易渗透，助美白，淡眼圈,\t每周敷两次具有美白功效的眼膜，让眼周肌肤变匀净。,/photo/yanmo.jpg,睡前,睡前,睡前,睡前,睡前,睡前,睡前
39,,五官,黑眼圈,\t尽量避免刺激眼周肌肤。,上妆或卸妆时绝对不可揉搓眼睛,避刺激，护肌肤，轻上妆，护眼周,\t上妆或卸妆时动作要轻柔，不刺激眼周肌肤。,/photo/huazhuang.jpg,,,睡前,睡前,睡前,睡前,睡前
40,,五官,睫毛短且稀疏,\t上睫毛短小、稀疏解决方法：以拉长—浓密—再拉长的方式创造假睫毛的效果。,拉长—浓密—再拉长,助拉长，变浓密，再生长，梳纤维,"
\t1.化妆用品准备：\n\t1）使用浓密型与纤长型两种睫毛膏，纤长型拉长睫毛长度，浓密型加强卷翘度与浓密度。\n\t2）一只小钢梳，边刷睫毛膏，边把纠结在一起的睫毛梳开，创造根根分明的效果。\n\t2.化妆步骤：\n\t1）大睫毛夹夹过睫毛后，再利用局部睫毛夹补强。\n\t2）用手指将眼皮轻轻拉起，用睫毛底膏打底，可在睫毛尾端多刷几次，增加睫毛长度。\n\t3）先用纤长型的睫毛膏刷拭，增加睫毛长度。\n\t4）再用浓密型的睫毛膏，加强刷拭睫毛根部，利用睫毛膏的蜡质从下方来撑住睫毛的卷翘度。\n\t5）接着，直拿浓密型的睫毛膏，轻顶一下眼尾睫毛，从根部往上拉，可让眼尾又翘又浓。\n\t6）最后再用一次纤长型睫毛膏，局部在眼尾的睫毛尾端拉出一点纤维来，让眼尾睫毛显得特别的长。",/photo/71CE30A1307230A4D28D4841B1432EA3.jpg,,,洗漱更衣,洗漱更衣,洗漱更衣,洗漱更衣,洗漱更衣
41,,五官,睫毛短且稀疏,\t下睫毛短小、稀疏解决方法：除了利用睫毛底膏凸现下睫毛以外，再配合眼影、眼线，让下睫毛茂盛起来。,眼影、眼线，茂盛下睫毛,睫毛短，常稀疏，睫毛膏，配眼影,\t1.化妆用品准备：\n\t1）使用浓密型与纤长型两种睫毛膏，纤长型拉长睫毛长度，浓密型加强卷翘度与浓密度。\n\t2）一只小钢梳，边刷睫毛膏，边把纠结在一起的睫毛梳开，创造根根分明的效果。\n\t2.具体步骤：\n\t1）选择具有珠光的浅肤色眼影，在下睫毛根部轻刷，利用光感来突出睫毛的存在感。\n\t2）先用黑色的笔，架在下睫毛卧蚕处，接着直接刷上睫毛底膏，可让原本稀疏，看不到，不知道从何刷起的下睫毛变明显。\n\t3）选择刷头小的睫毛膏，将睫毛膏直拿，局部以直线方向轻拉下睫毛尾端就好。\n\t4）然后再横拿这只小刷头睫毛膏，从下睫毛根部开始，轻轻往下，刷过每根下睫毛。\n\t5）再直拿回来，再次直向梳理睫毛，同时轻轻压睫毛，让睫毛往下垂，这样会有放大眼睛的效果。\n\t6）最后使用笔尖很细的眼线液，在睫毛根部轻点，不要画眼线，只是轻点，也可以再次增加睫毛的存在感。,/photo/xiajiemao.PNG,,,洗漱更衣,洗漱更衣,洗漱更衣,洗漱更衣,洗漱更衣
42,,五官,睫毛短且稀疏,\t凡士林对睫毛的增长效果并不十分明显，但能够使睫毛变粗变亮，变得更加强韧。,涂擦凡士林 ,凡士林，粗睫毛，适量涂，更强韧,\t睡觉前涂抹适量即可，不要涂抹太多，另外涂抹时注意别弄进眼睛里。,/photo/f191d8b3888a4a478adf15aeb428d783_th.jpg,,,睡前,睡前,睡前,睡前,睡前
43,,五官,睫毛短且稀疏,\t芦荟汁可以增长睫毛，但是用芦荟有一个缺点就是眼袋可能会浮肿。,涂抹芦荟,芦荟胶，长睫毛，常涂抹，更水润,\t1.用新鲜的芦荟汁涂抹睫毛。\n\t2.建议不出门或者有条件的时候使用。,/photo/8254e45f338e46a5a77d32a700451812_th.jpg,,,睡前,睡前,睡前,睡前,睡前
44,,五官,睫毛短且稀疏,\t睫毛增长液是效果最快，也是非常靠谱的办法。因为成分含有生物酶“EPM”，能够制造毛发细胞并形成组织，激活休眠的细胞从而快速增长睫毛。,睫毛增长液,增长液，生物酶，生毛发，增睫毛,\n\t每天晚上洗漱完之后，在睫毛根部涂上睫毛生长液，一天可使用多次。,/photo/2951bf0fe5484dc29fe3753b13699fd8_th.jpg,,,睡前,睡前,睡前,睡前,睡前
45,,五官,睫毛短且稀疏,\t维生素E可以滋养睫毛增长。,涂维生素E,维生素，多滋养，增睫毛，涂眼角,\n\t每晚睡前取一粒VE刺破，然后用眼影笔把它刷在睫毛上，一定要用刷子，不然满手都是眼油。刷的时候一定要仔细，要确保每一根睫毛都均匀地抹上了VE，眼角睫毛稀疏的地方更不能错过。,/photo/ff616e06830a4b58a8f544bdd53f408c_th.jpg,,,睡前,睡前,睡前,睡前,睡前
46,,五官,睫毛短且稀疏,\t隔夜茶水能够刺激毛囊的血液循环，让毛囊焕发活力，长出新的睫毛。,涂隔夜茶水,隔夜茶，刺毛囊，促循环，焕活力,\n\t拿最小号刷子把隔夜茶水刷在睫毛根部。,/photo/nongcha.jpg,,,睡前,睡前,睡前,睡前,睡前
47,,五官,口臭,\t食物残留在口腔中发酵，形成腐败物，造成口臭。,保持牙齿清洁卫生,食残留，易口臭，勤刷牙，助清洁,\t1、养成早晚刷牙的习惯，除了使用牙刷，还可以用牙间刷去除牙齿间的污垢。\n\t2、在牙膏上蘸些盐，会更有清洁效果。,/photo/shuaya.jpg,洗漱更衣,洗漱更衣,洗漱更衣,洗漱更衣,洗漱更衣,洗漱更衣,洗漱更衣
48,,五官,口臭,\t食物残留在口腔中发酵，形成腐败物，造成口臭。,清洁牙龈,食残留，易口臭，勤刷牙，助清洁,"\t1、将牙刷以45°角贴在牙龈上，用适度的力量摩擦牙龈。\n\t2、刷牙龈时不必使用牙膏，但可使用少量盐。\n\t3、如果患有牙周炎，请及早进行治疗。
",/photo/yayin.jpeg,洗漱更衣,睡前,洗漱更衣,洗漱更衣,洗漱更衣,洗漱更衣,洗漱更衣
49,,五官,口臭,\t龋坏的牙齿中的腐物易产生一种腐败的恶臭气味。,治疗蛀牙,龋齿坏，易腐败，早治疗，防恶化,\t如果有蛀牙，请及早进行治疗。,/photo/zhuya.jpg,主任务1,主任务1,洗漱更衣,洗漱更衣,洗漱更衣,洗漱更衣,洗漱更衣
50,,五官,口臭,\t口腔中脱落的上皮细胞，堆积在味蕾的沟槽里，成为口腔厌氧菌的食物来源。尤其是舌头的后方，唾液不易清理到这个部位，厌氧菌容易滋生，并分解倒流的鼻涕，以及堆积的食物残渣。,刷掉表面舌苔保持口腔清洁,厌氧菌，易口臭，残渣腐，需清洁,\t1、用牙刷从舌根方向向舌尖单向轻刷表面舌苔。\n\t2、刷的力度不要太大，以免伤到舌头。\n\t3、现在市面上有的牙刷背面可以直接刷舌苔，也可选用专门的舌苔刷。,/photo/shetai.jpg,洗漱更衣,睡前,洗漱更衣,洗漱更衣,洗漱更衣,洗漱更衣,洗漱更衣
51,,五官,口臭,\t促进口腔的唾液分泌。,平时多喝水,多喝水，泌唾液，助清洁，防口臭,\t以每天8杯水为宜。,/photo/shui.jpg,主任务1,主任务1,主任务1,主任务1,主任务1,主任务1,主任务1
52,,五官,口臭,\t促进口腔的唾液分泌。,吃饭细嚼慢咽,细咀嚼，慢吞咽，促分泌，防口臭,\t放慢吃饭速度，慢慢咀嚼。,/photo/jujue.jpg,主任务2,主任务2,主任务2,主任务2,主任务2,主任务2,主任务2
53,,五官,牙齿黑黄,\t保持牙齿洁白不变色。,勤刷牙和使用牙线,勤刷牙，用压线，白牙齿，不变色,\t勤刷牙，刷牙时用压线为宜。,/photo/shuaya.jpg,洗漱更衣,洗漱更衣,洗漱更衣,洗漱更衣,洗漱更衣,洗漱更衣,洗漱更衣
54,,五官,牙齿黑黄,\t木炭像一块磁铁，将脏东西或者毒素轻松吸收干净，这一功能同样适用于牙齿美白。,活性炭粉末美白牙齿,活性炭，美牙白，清毒素，常漱口,\t1、将等量的水和活性炭粉末（可以在保健商店购买），搅拌均匀后将混合物倒入口中。\n\t2、像漱口一样，鼓动两腮与唇部，使混合物在口腔内充分与牙齿接触。\n\t3、鼓动1分钟后，将混合物置于牙齿前面停留五分钟，然后吐出来，并用清水多冲洗几次，将活性炭粉末全部清洗出来。,/photo/huoxingtan.jpg,洗漱更衣,洗漱更衣,洗漱更衣,洗漱更衣,洗漱更衣,洗漱更衣,洗漱更衣
55,,五官,牙齿黑黄,\t深色食物中含有的黑色素容易在牙齿表面沉积。,吃完深色食物漱口,深色食，黑色素，易沉积，常漱口,\t咖啡、红酒、巧克力、泡菜、咖哩等等吃完之后，在颜色留在牙齿上之前立刻漱口。,/photo/hongjiu.jpg,主任务1,主任务1,主任务1,主任务1,主任务1,主任务1,主任务1
56,,五官,牙齿黑黄,\t常吸烟的人，牙齿上会出现一层黑黄色的烟垢，用牙膏很难刷掉，但用醋刷便能使牙齿去垢洁白。,用醋除牙垢,常吸烟，有牙垢，醋刷牙，使洁白,\t含半口食醋，在口腔里含漱2-3分钟，然后吐出，再用力刷牙，最后用清水洗净，反复几次可除烟垢。,/photo/cu.jpg,洗漱更衣,洗漱更衣,洗漱更衣,洗漱更衣,洗漱更衣,洗漱更衣,洗漱更衣
57,,五官,牙齿黑黄,\t柠檬中的烟酸能有效去除牙垢，洗净力强，又有牙齿变白作用，且含有维他命C，能强固齿根。,柠檬汁去除牙垢,柠檬酸，除牙垢，助洗净，牙变白,\t刷完牙后，沾柠檬汁擦每一颗牙齿。用纱布沾些柠檬汁，摩擦牙齿。,/photo/ningmeng.jpg,洗漱更衣,睡前,洗漱更衣,洗漱更衣,洗漱更衣,洗漱更衣,洗漱更衣
58,,五官,牙齿黑黄,\t草莓是一种天然牙齿增白剂，富含苹果酸和维生素C，维生素C可以清除牙渍美白牙齿。苹果酸让人感觉涩涩的，其实它的作用也是去除牙齿表面污渍。混合小苏打，就是美白牙齿的明星组合！,草莓小苏打糊美白牙齿,苹果酸，配维C，洁牙齿，助美白,\t1、将几颗草莓粉碎成浆，然后加入半汤匙小苏打，混合均匀。\n\t2、用软毛牙刷涂于牙齿内外侧，大概5分钟后用清水冲洗干净。,/photo/caomei.jpg,洗漱更衣,洗漱更衣,洗漱更衣,洗漱更衣,洗漱更衣,洗漱更衣,洗漱更衣
59,,五官,牙齿松动,\t饭后用茶水漱口，可以及时将口腔及牙齿间的残渣冲掉。茶叶含氟量高，有效防蛀。甜食等带来的酸使得牙齿表面脱矿，容易致龋，而氟化物可以促进牙齿再矿化。再次，茶叶中所含的茶多酚也具有较强清除自由基作用，对致龋的变形链球菌有一定抑制作用。,食毕茶水漱口,每餐后，茶漱口，抑球菌，防龃齿。,\t每餐后用茶水漱口。,/photo/cha.jpg,主任务1,主任务1,主任务1,主任务1,主任务1,主任务1,主任务1
60,,五官,牙齿松动,\t如经常使用单侧牙齿咀嚼，则不常用的一侧会缺少生理性刺激，易发生组织的雇用性萎缩；经常咀嚼的一侧牙齿负荷过重，易造成牙髓炎。咀嚼也能刺激唾液分泌，而唾液具有修复牙齿的能力。,注意咀嚼动作,两侧牙，交替用，细咀嚼，修牙齿。,\t咀嚼时，交替使用两侧牙齿。,/photo/jujue.jpg,主任务2,主任务2,主任务2,主任务2,主任务2,主任务2,主任务2
61,,五官,牙齿松动,\t临睡前刷牙是为了彻底清除口腔内的食物残渣，防止口腔内微生物生长。,临睡刷牙,临睡前，记刷牙，除残渣，抑细菌。,\t刷牙的时间最好选择在晚上临睡前。刷牙的方法应顺着牙缝上下刷，从里至外地磨刷，动作要轻缓。选择的毛刷不应太硬，应注意及时更换，使其既能起到应有的刷磨作用，又不至于损伤牙龈。,/photo/shuaya.jpg,睡前,睡前,睡前,睡前,睡前,睡前,睡前
62,,五官,牙齿松动,\t清除口腔内的残留物，以防口腔内细菌对其的分解及发酵，根除细菌赖以生存的培养基，防止了细菌对口齿的侵蚀。,赶字保健法,清残留，防发酵，除养分，免侵蚀。,\t每次就餐后刷牙之前，把洗净的食指和拇指伸进口腔，捏住牙龈，顺牙的方向推赶（如挤牛奶样），把积存在牙周袋中的残留物“赶”出来。,/photo/gan.jpg,睡前,睡前,睡前,睡前,睡前,睡前,睡前
63,,五官,牙齿松动,\t清除口腔内的残留物，以防口腔内细菌对其的分解及发酵，根除细菌赖以生存的培养基，防止了细菌对口齿的侵蚀。,提字保健法,清残留，防发酵，除养分，免侵蚀。,\t1、经过推赶后，再用较小的牙刷，顺牙齿的方向从牙缝向外“提”的方法刷牙，把赶挤在牙缝中积存的食物残渣等提刷出去。\n\t2、上牙向下提刷，下牙向上提刷，臼齿采用转动提插法。,/photo/ti.jpg,睡前,睡前,睡前,睡前,睡前,睡前,睡前
64,,五官,牙齿松动,\t清除口腔内的残留物，以防口腔内细菌对其的分解及发酵，根除细菌赖以生存的培养基，防止了细菌对口齿的侵蚀。,漱字保健功,清残留，防发酵，除养分，免侵蚀。,\t1、经过“赶”、“提”后，把牙周袋中的残留物排在口腔中，还要进行漱口，将遗留在口中及牙齿上的残留物漱掉。一般用2～5%的食盐水较好。,/photo/sukou.jpg,睡前,睡前,睡前,睡前,睡前,睡前,睡前
65,,五官,酒渣鼻,\t胃肠功能紊乱是酒渣鼻的致病因素之一，因此要积极防治便秘。,保持大便通畅，防止便秘发生,养习惯，通大便，防紊乱，治便秘。,\t养成良好排便习惯，要规律排便，不要时间过长。,/photo/paibianzhuyilijizhong.jpg,如厕,如厕,"如厕
",如厕,如厕,如厕,如厕
66,,五官,酒渣鼻,\t减少日光、过冷、过热和其他可以引起面部皮肤充血的刺激。,不酗酒,减日光，防过冷，避过热，免刺激。,\t减少和避免饮酒。,/photo/buxujiu.png,主任务1,主任务1,主任务1,主任务1,主任务1,主任务1,主任务1
67,,五官,酒渣鼻,\t减少日光、过冷、过热和其他可以引起面部皮肤充血的刺激。,慎喝冰饮料,减日光，防过冷，避过热，免刺激。,\t减少和避免喝冰饮料。,/photo/buheyinliao.jpg,主任务2,主任务2,主任务2,主任务2,主任务2,主任务2,主任务2
68,,五官,酒渣鼻,\t减少日光、过冷、过热和其他可以引起面部皮肤充血的刺激。,慎喝热饮料,减日光，防过冷，避过热，免刺激。,\t减少和避免喝热饮料。,/photo/reyin.jpg,主任务1,主任务1,主任务1,主任务1,主任务1,主任务1,主任务1
69,,五官,酒渣鼻,\t减少日光、过冷、过热和其他可以引起面部皮肤充血的刺激。,避光防晒,减日光，防过冷，避过热，免刺激。,\t1、夏季外出时戴帽子，避免强光照射。\n\t2、使用防晒霜。,/photo/fangshai.jpg,洗漱更衣,洗漱更衣,洗漱更衣,洗漱更衣,洗漱更衣,洗漱更衣,洗漱更衣
70,,五官,酒渣鼻,\t酒渣鼻皮肤血管经常膨胀，时常充血和发热，若不注意防护可能使症状加重。,做好局部防护,做防护，勿抓挠，忌膨胀，防加重。,\t禁止在鼻子病变区抓、搔、剥及挤压。,/photo/jiuzhabi.jpeg,主任务1,主任务1,主任务1,主任务1,主任务1,主任务1,主任务1
71,,头发,发质干枯,\t头皮上的皮脂腺分泌的皮脂里富含脂肪酸。这些皮脂既能够润泽头发，又能起到抑菌的作用。洗发的次数的确不是固定的，而是应该根据自己的头发状态和所处环境而定。,掌握好洗发频率,洗发率，情况定，脂肪酸，润秀发。,\t1、根据自己头发出现“油腻”的情况，适当增减洗发频率。\n\t2、如果是油性头发，可以每天洗发1次；如果是中性或干性的头发，每周洗发次数控制在2~4次。\n\t3、经常在户外工作的人及脑力工作者，也可适当增加洗发的次数。夏天气温较高，汗液排泄旺盛，头发易脏，洗发次数也可以适当增加。,/photo/xitou.jpg,洗漱更衣,洗漱更衣,洗漱更衣,洗漱更衣,洗漱更衣,洗漱更衣,洗漱更衣
72,,头发,发质干枯,\t干枯的头发是由于水分流失使发质变干及长时间缺乏护理或化学物质残留在发尖所引起的。,选择适合的洗发产品,洗发露，要选对，防干枯，维生素。,\t最好使用含有复合维生素的顺滑性洗发水。,/photo/xifashui.jpg,洗漱更衣,洗漱更衣,洗漱更衣,洗漱更衣,洗漱更衣,洗漱更衣,洗漱更衣
73,,头发,发质干枯,\t使用发膜能够富平头发的毛躁，理顺纤维，使头发更加柔顺。,使用发膜护理,用发膜，平毛躁，修纤维，更柔顺。,\t干枯敏感的发质宜使用含高蛋白的滋润型发膜产品，比如高蛋白发膜，可日常使用。,/photo/famo.jpg,,,睡前,睡前,睡前,睡前,睡前
74,,头发,发质干枯,\t头长时间下垂，会影响头部的正常血液循环，造成脑供血不足，对头发生长也不利。,注意洗头姿势,洗头时，直立势，勿下垂，利生长。,\t最好采取在淋浴时直立的洗头姿势，而且要让身体调整到最舒服的状态。,/photo/xitou.jpg,洗漱更衣,洗漱更衣,洗漱更衣,洗漱更衣,洗漱更衣,洗漱更衣,洗漱更衣
75,,头发,发质干枯,\t洗头时头部血液循环加快，头皮毛孔张开，容易受风，因为洗发时间要尽量选择气温较稳定时。,洗头时间的选择,洗头时，循环快，气温稳，免受风。,\t洗完头一定要注意擦干、吹干头发再出门或者再睡。,/photo/chuifengji.jpg,洗漱更衣,洗漱更衣,洗漱更衣,洗漱更衣,洗漱更衣,洗漱更衣,洗漱更衣
76,,头发,发质干枯,\t干洗头发的时间太长，很可能会对头发和头皮造成损伤。,干洗头发时间勿过长,干洗头，勿时长，防发损，免皮伤。,\t1、干洗头发的时间不宜超过6分钟。\n\t2、干洗头发不能太勤，最好和水洗的方式交错进行。\n\t3、如果要进行长时间按摩，最好将洗发水用水冲净后再进行，这样化学物质便不会损伤头发和头皮了。,/photo/ganxitou.png,主任务2,主任务2,主任务2,主任务2,,,主任务2
77,,头发,发质干枯,\t洗发时水温过高或过低，都会损伤头发，导致发质受损。,洗发的最佳水温,控水温，忌过高，勿过低，防发损。,\t不管是什么季节，洗发时的水温最好控制在38℃左右，这种稍高于体温的温度对头发最好。,/photo/shuiwen.png,洗漱更衣,洗漱更衣,洗漱更衣,洗漱更衣,洗漱更衣,洗漱更衣,洗漱更衣
78,,头发,发质干枯,\t水是润发和洗发的大功臣。滋润头发的不是护发素，而是水。洗发水与护发素在洗护的过程中扮演的是“锁水”的角色，再高端的滋润成分，论渗透效果都会败给普通的水。,洗发时充分打湿头发,洗发时，要打湿，更渗透，更滋润。,\t在使用洗发水之前，认真冲洗1分钟可以去除头发表面80%的油污。,/photo/dashitoufa.jpg,洗漱更衣,洗漱更衣,洗漱更衣,洗漱更衣,洗漱更衣,洗漱更衣,洗漱更衣
79,,头发,发质干枯,\t洗头是先洗发根还是先洗发梢不是一成不变的，要根据头发的情况决定洗发的顺序。,根据头发的情况来选择洗发顺序,洗发根，洗发梢，有顺序，看情况。,\t1.油性头发的人可以直接从发根洗起，以清洁头皮。\n\t2.对于受损发质的人而言，为了减轻对秀发的二次伤害，最好避免一开始就让洗发水的泡沫接触到脆弱的头皮。特别是当天涂过定型产品的人，应该先从抹了定型剂的部分开始搓。,/photo/zhuyixifashunxu.png,洗漱更衣,洗漱更衣,洗漱更衣,洗漱更衣,洗漱更衣,洗漱更衣,洗漱更衣
80,,头发,发质干枯,\t啫喱类的定型剂最容易清洗，其次是发胶与摩丝，最难搞定的是发蜡。发蜡中含有很重的油分，光靠日常的洗发水通常是搞不定的。而护发素不但能滋润发丝，还能乳化发蜡中的油分。,秀发卸妆,定型剂，难清洗，需护理，防干枯。,\t1.在使用洗发水前，先往打了发蜡的头发上抹一些护发素，轻轻揉搓后再冲洗，就能轻松卸除发蜡。\n\t2.酒精成分会掠夺发丝中的水分，所以在使用含有这种成分的定型产品后，需要适当延长冲洗的时间。,/photo/xiufaxiezhuang.jpg,洗漱更衣,洗漱更衣,洗漱更衣,洗漱更衣,洗漱更衣,洗漱更衣,洗漱更衣
81,,头发,发质干枯,\t头发在打湿之后会带上负电荷，洗发水也一样。头发里的油脂和定型剂里的油分本身都带着正离子。根据物理学上“异性相吸”的原理，湿发很容易与洗发水的泡沫结合。,使用洗发膏，尽量不要使劲揉搓,洗发时，不揉搓，洗发水，自中和。,\t好洗发水富含负离子，不需要费力揉搓就能洗干净。,/photo/bushijinroucuo.jpg,洗漱更衣,洗漱更衣,洗漱更衣,洗漱更衣,洗漱更衣,洗漱更衣,洗漱更衣
82,,头发,发质干枯,\t掌握温度差是掌控护发素的关键，因为与人体皮肤相近的温度能将护发素成分的渗透能力提高约3倍。,掌心预热护发素后，再涂在头发上,护发素，用掌心，先预热，更渗透。,\t使用护发素时，先低下头把头发拢到前方，然后从发梢开始抹护发素。可以用宽齿梳从后颈向发梢方向梳理，这样既能让护发素均匀地分布在头发上，又能避免沾到头皮。,/photo/yurehufasu.jpg,洗漱更衣,洗漱更衣,洗漱更衣,洗漱更衣,洗漱更衣,洗漱更衣,洗漱更衣
83,,头发,发质干枯,\t洗发水中的泡沫在接触到头发上的油污后会立刻破掉，所以油污越多泡沫越少。,尽量不要多次洗发,洗头发，忌多次，防干枯，更美丽。,\t在第一遍洗发时没有产生大量泡沫时，才需要再洗一次。,/photo/buduocixifa.jpg,洗漱更衣,洗漱更衣,洗漱更衣,洗漱更衣,洗漱更衣,洗漱更衣,洗漱更衣
84,,头发,白发,\t经常用手指梳理头发，能使气血流畅，头皮光润，促进头发健康生长，并且可以防治脱发、白发。,手指梳头,指梳头，促气血，润头皮，防脱发。,\t1、每日早、午、晚运动锻炼后空闲时， 以双手十指自额上发际开始，由前向后梳拢头发至后发际。\n\t2、动作要缓慢柔和，边梳边揉搓头皮，每次约10分钟。,/photo/shouzhishutou.jpg,主任务1,主任务1,主任务1,主任务1,主任务1,主任务1,主任务1
85,,头发,白发,\t水是润发和洗发的大功臣。滋润头发的不是护发素，而是水。洗发水与护发素在洗护的过程中扮演的是“锁水”的角色，再高端的滋润成分，论渗透效果都会败给普通的水。,洗发时充分打湿头发,洗发时，要打湿，更渗透，更滋润。,\t在使用洗发水之前，认真冲洗1分钟可以去除头发表面80%的油污。,/photo/shuiwen.png,洗漱更衣,洗漱更衣,洗漱更衣,洗漱更衣,洗漱更衣,洗漱更衣,洗漱更衣
86,,头发,白发,\t啫喱类的定型剂最容易清洗，其次是发胶与摩丝，最难搞定的是发蜡。发蜡中含有很重的油分，光靠日常的洗发水通常是搞不定的。而护发素不但能滋润发丝，还能乳化发蜡中的油分。,秀发 “卸妆”,定型剂，难清洗，需护理，防干枯。,\t1、在使用洗发水前，先往打了发蜡的头发上抹一些护发素，轻轻揉搓后再冲洗，就能轻松卸除发蜡。\n\t2、酒精成分会掠夺发丝中的水分，所以在使用含有这种成分的定型产品后，需要适当延长冲洗的时间。,/photo/hufasu.jpg,睡前,睡前,睡前,睡前,睡前,睡前,睡前
87,,头发,白发,\t头发在打湿之后会带上负电荷，洗发水也一样。头发里的油脂和定型剂里的油分本身都带着正离子。根据物理学上“异性相吸”的原理，湿发很容易与洗发水的泡沫结合。,使用洗发膏，尽量不用使劲揉搓,洗发时，不揉搓，洗发水，自中和。,\t使用品质好的洗头膏，冲洗的时候就不用那么使劲地揉搓了。,/photo/xifashui.jpg,洗漱更衣,洗漱更衣,洗漱更衣,洗漱更衣,洗漱更衣,洗漱更衣,洗漱更衣
88,,头发,白发,\t洗发时注意保护脆弱的头皮。,根据头发的情况来选择洗发顺序,洗发根，洗发梢，有顺序，看情况。,\t1、油性头发的人可以直接从发根洗起，以清洁头皮。\n\t2、对于受损发质的人而言，为了减轻对秀发的二次伤害，最好避免一开始就让洗发水的泡沫接触到脆弱的头皮。特别是当天涂过定型产品的人，应该先从抹了定型剂的部分开始搓洗。,/photo/xitou.jpg,洗漱更衣,洗漱更衣,洗漱更衣,洗漱更衣,洗漱更衣,洗漱更衣,洗漱更衣
89,,头发,白发,\t拔白头发会引发头皮炎症，因为同一个毛囊会生长数根头发，如果强硬将白头发拔除，会影响其他健康头发的生长，从而引起脱发等。,不拔白头发,白头发，不要拔，损健康，易脱发。,\t如果无法容忍白头发的存在，可以贴着头皮将白头发剪掉。,/photo/p7528181a408363045.jpg,洗漱更衣,洗漱更衣,洗漱更衣,洗漱更衣,洗漱更衣,洗漱更衣,洗漱更衣
90,,头发,白发,\t洗发水中的泡沫在接触到头发上的油污后会立刻破掉，所以油污越多泡沫越少。不要多次洗发，以免损伤头发。,尽量不要多次洗发,洗头发，忌多次，防干枯，更美丽。,\t只有在第一遍洗发时没有产生大量泡沫时，才需要再洗一次。,/photo/xitou.jpg,洗漱更衣,洗漱更衣,洗漱更衣,洗漱更衣,洗漱更衣,洗漱更衣,洗漱更衣
91,,头发,脱发,\t经常用手指梳理头发，能使气血流畅，头皮光润，促进头发健康生长，并且可以防治脱发、白发。,手指梳头,指梳头，促气血，润头皮，防脱发。,\t1、每日早、午、晚运动锻炼后空闲时， 以双手十指自额上发际开始，由前向后梳拢头发至后发际。\n\t2、动作要缓慢柔和，边梳边揉搓头皮，每次约10分钟。,/photo/shouzhishutou.jpg,主任务2,主任务2,主任务2,主任务2,主任务2,主任务2,主任务2
92,,头发,脱发,\t洗发时水温过高或过低，都会损伤头发，导致发质受损。,洗发的最佳水温,洗发时，调水温，保发质，更护发。,\t不管是什么季节，洗发时的水温最好控制在38℃左右，这种稍高于体温的温度对头发最好。,/photo/shuiwen.png,洗漱更衣,洗漱更衣,洗漱更衣,洗漱更衣,洗漱更衣,洗漱更衣,洗漱更衣
93,,头发,脱发,\t头皮上的皮脂腺分泌的皮脂里富含脂肪酸。这些皮脂既能够润泽头发，又能起到抑菌的作用。洗发的次数的确不是固定的，而是应该根据自己的头发状态和所处环境而定。,掌握好洗发频率,洗头发，按频率，按需调，更护发。,\t1、根据自己头发出现“油腻”的情况，适当增减洗发频率。\n\t2、如果是油性头发，可以每天洗发1次；如果是中性或干性的头发，每周洗发次数控制在2~4次。\n\t3、经常在户外工作的人及脑力工作者，也可适当增加洗发的次数。夏天气温较高，汗液排泄旺盛，头发易脏，洗发次数也可以适当增加。,/photo/xitou.jpg,主任务2,主任务2,主任务2,主任务2,主任务2,主任务2,主任务2
94,,头发,脱发,"\t冷热水刺激充分激活头部血液循环,使头发更强韧。",冷热水交替浴,洗头发，先热水，后冷水，促循环。,\t冲洗干净头发之后再来一阵凉水冲洗头发。,/photo/lengrejiaoti.jpg,洗漱更衣,洗漱更衣,洗漱更衣,洗漱更衣,洗漱更衣,洗漱更衣,洗漱更衣
95,,头发,脱发,\t头皮是容易出汗弄脏的地方，勤洗头有助于防止秃头和头皮屑的发生。,勤洗头,勤洗头，更洁净，防秃头，防皮屑。,\t洗头的间隔最好是2～5天。,/photo/xitou.jpg,洗漱更衣,洗漱更衣,洗漱更衣,洗漱更衣,洗漱更衣,洗漱更衣,洗漱更衣
96,,头发,脱发,\t吸烟会使头皮毛细血管收缩，从而影响头发的发育生长。,戒烟,忌吸烟，损血管，阻发育，损发质。,\t狠狠心，为了保住自己的头发把烟戒了吧。,/photo/jieyan.jpg,主任务1,主任务1,主任务1,主任务1,主任务1,主任务1,主任务1
97,,头发,脱发,\t白酒，特别是烫热的白酒会使头皮产生热气和湿气，引起脱发。,节制饮酒,少饮酒，防热气，去湿气，防脱发。,\t即便是啤酒、葡萄酒也应适量。,/photo/buxujiu.png,主任务2,主任务2,主任务2,主任务2,主任务2,主任务2,主任务2
98,,头发,脱发,\t盐水中的钠盐能调节头皮部位水电解质平衡，减少雄性激素对毛囊的刺激，抑制代谢障碍的发生。此外，一些因为头发清理不净、细菌感染、油脂分泌过多引起的脱发，盐水洗头也能起到很好的效果。,用盐水防治脱发,洗头发，用盐水，促代谢，更干净。,\t1、将100～150克的食盐放在大半盆温水中溶解，先把头发全部浸入，揉搓一会，然后加入适量的洗发液继续揉搓。\n\t2、待油污被洗净后，再用清水将头发冲洗两遍。\n\t3、每星期洗一次，使用两三次后，便可防止头发脱落。,/photo/yan.jpg,洗漱更衣,洗漱更衣,洗漱更衣,洗漱更衣,洗漱更衣,洗漱更衣,洗漱更衣
99,,头发,脱发,\t红枣中含有头发所需要的蛋白质、维生素A、维生素B、维生素C、多种微量钙以及氨基酸，头发可以得到充足的营养供应，有利于头发的生长发育，防止脱发的发生。,用红枣治脱发,服红枣，补营养，促生长防，防脱发。,\t1、每天取50克红枣(大小不一)洗净后泡水。\n\t2、泡涨了再煮熟，在睡觉前吃下。,/photo/hongzao.jpg,洗漱更衣,洗漱更衣,洗漱更衣,洗漱更衣,洗漱更衣,洗漱更衣,洗漱更衣
100,,头发,脱发,\t洗发时选择适合自己的洗发香波，不要用脱脂性强或碱性洗发剂，这类洗发剂会使头发干燥、头皮坏死。最好选择含植物元素的洗发水。,根据自身的发质选用洗发液,洗发液，要挑选，学问大，需适合。,\t1.油性头发的人，建议选择弱酸性的洗发液。\n\t2.中干性的肌肤，建议选用含有蛋白的洗发液。,/photo/xifashui.jpg,主任务1,主任务1,主任务1,主任务1,主任务1,主任务1,主任务1
101,,头发,脱发,\t过于勤快的洗头，会造成油脂彻底洗掉，头发跟头皮的保护层也会破坏，甚至会造成头皮油脂分泌系统出现问题，或者会分泌更多的油脂，让头发越洗越油，或者是头发越来越干枯。,保持适当的洗发频率,洗头发，按频率，按需调，更护发。,\t1.油性头发的人，每1天或者2天洗头一次。\n\t2.中干性头发，每周洗2~3次就可以了。,/photo/xifapinlv.jpg,洗漱更衣,睡前,睡前,睡前,睡前,睡前,睡前
102,,头发,脱发,\t护发素是阳离子活性剂。头发上有阴性静电，二者相结合会形成保护膜，减少头发之间的摩擦。,洗发后用护发素,洗发后，护发素，更中和，减摩擦。,\t1.涂抹护发素时，顺序是从头发末梢到根部，末梢可多一些。\n\t2.护发素一定要冲洗干净，因为它只能在一定时间内对头发进行养分补给，一旦超过有效的时间，非但不能滋养秀发，还容易造成分叉、干燥。,/photo/hufasu.jpg,洗漱更衣,洗漱更衣,洗漱更衣,洗漱更衣,洗漱更衣,洗漱更衣,洗漱更衣
103,,头发,脱发,\t发酵的淘米水和啤酒，含有乳酸菌、氨基酸和维生素。普通淘米水虽含维生素，但酸性不够，发酵后才好。一般夏天发酵需要2天，冬季需要21天。,试试用发酵淘米水和啤酒洗头发,淘米水，和啤酒，洗头发，补营养。,\t1.在用洗发水洗过头发后，将20毫升发酵淘米水和啤酒淋在头发上，戴上发套，停留10分钟~15分钟后，让毛发充分吸收营养，然后用清水洗掉。\n\t2.洗头的水温不宜太高或太低，一般30℃就可以了。,/photo/pijiuxitou.jpg,睡前,睡前,睡前,睡前,睡前,睡前,睡前
104,,头发,脱发,\t吹风机吹出的热风温度高达100℃，会破坏毛发组织，损伤头皮，所以要注意减少吹风机对头发的健康损害。,避免经常使用吹风机,吹风机，忌常用，保发质，更护发。,\t适当降低吹风机的使用频率，如果时间允许，最好让头发自然风干。,/photo/chuifengji.jpg,洗漱更衣,洗漱更衣,洗漱更衣,洗漱更衣,洗漱更衣,洗漱更衣,洗漱更衣
105,,头发,脱发,\t吹风机吹出的热风温度高达100℃，会破坏毛发组织，损伤头皮，所以要注意减少吹风机对头发的健康损害。,使用吹风机时，头皮和吹风机保持一定距离,吹风机，忌常用，保发质，更护发。,\t使用吹风机的时候，一定要注意吹风机要与头皮保持最少1.5厘米以上的距离，尤其是功率比较大的吹风机。这样可以避免对毛囊和头发的损伤。,/photo/baochijuli.jpg,洗漱更衣,洗漱更衣,洗漱更衣,洗漱更衣,洗漱更衣,洗漱更衣,洗漱更衣
106,,头发,脱发,\t吹风机吹出的热风温度高达100℃，会破坏毛发组织，损伤头皮，所以要注意减少吹风机对头发的健康损害。,避免吹风机在同一个位置停留过久,吹风机，忌常用，保发质，更护发。,\t使用吹风机的时候应该把吹筒在潮湿的头发区域来回移动，避免在同一个位置停留过久。彻底将一片头发完全吹干后，再移到下个区域的做法是不可取的。,/photo/W020150624578895625477.jpg,洗漱更衣,洗漱更衣,洗漱更衣,洗漱更衣,洗漱更衣,洗漱更衣,洗漱更衣
107,,头发,脱发,\t吹风机吹出的热风温度高达100℃，会破坏毛发组织，损伤头皮，所以要注意减少吹风机对头发的健康损害。,分层吹发，不宜吹得过干,吹风机，忌常用，保发质，更护发。,\t1.吹头发的时候应该分层吹头发，采用由里往外的顺序，先吹发根，再吹发梢。\n\t2.如果时间来得及，可以只将发梢吹至半干，等待其自然风干。,/photo/baochijuli.jpg,洗漱更衣,洗漱更衣,洗漱更衣,洗漱更衣,洗漱更衣,洗漱更衣,洗漱更衣
108,,头发,脱发,\t吹风机吹出的热风温度高达100℃，会破坏毛发组织，损伤头皮，所以要注意减少吹风机对头发的健康损害。,避免长时间吹发,吹风机，忌常用，保发质，更护发。,\t长时间吹发会造成发梢干枯和分叉。,/photo/s6_53c25f1dbe7e2.jpg,洗漱更衣,洗漱更衣,洗漱更衣,洗漱更衣,洗漱更衣,洗漱更衣,洗漱更衣
109,,头发,脱发,\t梳头有疏通气血、散风明目、荣发固发、促进睡眠等作用。,梳头力度适中,常梳头，通气血，散风寒，更固发。,\t1.用力不能过轻或过重，轻了起不到按摩的作用，重了则会刮伤头皮。用力适度，以头皮产生微热感为宜。2.若是干性头发，梳时可用力些；若是油性头发，则用力轻些，否则会刺激皮脂腺增加分泌。,/photo/shutoulidu.jpg,洗漱更衣,洗漱更衣,洗漱更衣,洗漱更衣,洗漱更衣,洗漱更衣,洗漱更衣
110,,头发,脱发,\t梳头有疏通气血、散风明目、荣发固发、促进睡眠等作用。,梳头顺序,常梳头，通气血，散风寒，更固发。,\t1.由前向后，再由后向前；由左向右，再由右向左。\n\t2.如此循环往复，梳头数十次或数百次后，再把头发整理、梳至平滑光整为止。,/photo/shutoushunxu.jpg,洗漱更衣,洗漱更衣,洗漱更衣,洗漱更衣,洗漱更衣,洗漱更衣,洗漱更衣
111,,头发,脱发,\t梳头有疏通气血、散风明目、荣发固发、促进睡眠等作用。,梳头时间,常梳头，通气血，散风寒，更固发。,\t1.一般取早晚各7分钟，其余闲暇时间亦可。\n\t2.切忌在饱食后梳理，以免影响脾胃的消化。,/photo/shutoushijian.jpg,洗漱更衣,洗漱更衣,洗漱更衣,洗漱更衣,洗漱更衣,洗漱更衣,洗漱更衣
112,,头发,脱发,\t梳头有疏通气血、散风明目、荣发固发、促进睡眠等作用。,梳子材质,常梳头，通气血，散风寒，更固发。,\t梳子应取用桃木等木质或用牛角等天然材料制成，梳齿宜圆滑。,/photo/shuzi.jpg,洗漱更衣,洗漱更衣,洗漱更衣,洗漱更衣,洗漱更衣,洗漱更衣,洗漱更衣
113,,头发,脱发,\t经常性牵拉头发会损伤毛囊。,少扎马尾,马尾辫，要少扎，损毛囊，伤发质。,\t尽量少扎马尾，让头发充分自然呼吸和生长。,/photo/505c1c3899828_327.jpg,,,洗漱更衣,洗漱更衣,洗漱更衣,洗漱更衣,洗漱更衣
114,,头发,脱发,\t染烫发的产品大多是化学成分，在化学药物作用下，头发会受到损伤，变性、降解，甚至会让头发断裂，如果被吸收到毛囊，造成毛囊损伤，严重的话会出现永久性脱发。,避免经常烫染,烫染头，不常做，损毛囊，伤发质。,\t为了健康，尽量少染发或不染发，自然才是美丽的。,/photo/52_160919103732_1.jpg,,,主任务1,主任务1,,,主任务1
115,,皮肤,皱纹,\t仰睡不但可以使全身肌肉放松，而且可以减少脸部的皱纹。,仰睡,多仰睡，要平躺，松肌肉，减皱纹。,\t仰睡，就是平躺、正睡，正所谓天大地大我最大的睡相。,/photo/yangshui.jpg,睡眠,睡眠,睡眠,睡眠,睡眠,睡眠,睡眠
116,,皮肤,皱纹,\t眼部细纹产生的根本原因是干燥、缺水，眼周的皮肤太单薄，保护能力弱，水分易蒸发，较面部其它部位容易产生皱纹。很多细纹是表情纹，所以要管好自己的双手，千万不要大力揉眼睛。,别揉眼,忌揉眼，保水分，更护眼，防皱纹。,\t对自己的宝贝眼睛温柔点，没事别揉眼哦！,/photo/burouyanjing.jpg,主任务1,主任务1,主任务1,主任务1,主任务1,主任务1,主任务1
117,,皮肤,皱纹,\t眯眼瞧东西这类重复性的脸部运动会使脸部肌肉过度劳累，最终形成皱纹。,别眯眼,少眯眼，防劳累，更护眼，防皱纹。,\t如果实在看不清，就戴上合适的眼镜吧。,/photo/miyan.jpg,主任务2,主任务2,主任务2,主任务2,主任务2,主任务2,主任务2
118,,皮肤,皱纹,\t过度洗脸非但不能保护皮肤，还会伤害皮肤。皮肤也在不断进行新陈代谢，有一定自洁功能，且由于汗液和皮脂在皮肤表面形成一层弱酸性的脂膜，看起来才有光泽。如果使劲搓、频繁洗，就会损伤正常的表皮细胞，容易导致皱纹的形成。,不要过度洗脸,洗脸时，忌过度，损皮肤，引皱纹。,\t每日早、晚各洗1次脸。,/photo/xilian.jpg,洗漱更衣,洗漱更衣,洗漱更衣,洗漱更衣,洗漱更衣,洗漱更衣,洗漱更衣
119,,皮肤,皱纹,\t阳光直射会直接损伤皮肤深层的弹性纤维和胶原蛋白，致使面部皮肤变得松弛无光泽，出现皱纹。,做好防晒工作,出门时，要防晒，保蛋白，防皱纹。,\t要养成使用优质防晒品的好习惯。,/photo/fangshai.jpg,洗漱更衣,洗漱更衣,洗漱更衣,洗漱更衣,洗漱更衣,洗漱更衣,洗漱更衣
120,,皮肤,皱纹,\t熬夜是皮肤保健的大敌，睡眠不足，会使皮肤细胞的各种调节活动失常，影响表皮细胞的活力。,不熬夜,不熬夜，要规律，保活性，防皱纹。,"\t1、早睡早起，作息规律。
2、每天至少要睡7~8个小时。",/photo/buaoye.jpg,睡眠,睡眠,睡眠,睡眠,睡眠,睡眠,睡眠
121,,皮肤,皮肤干裂,"\t冬天的天气寒冷,人们为了御寒,在家中或办公室使用取暧设备,如暧气,暧炉,空调等,会将室内的空气中的水分蒸发掉,导致室内空气更加干燥,这对于干性皮肤尤其不利。",保持室内湿度,到冬季，需保湿，增水分，养皮肤。,\t①可选用空气加湿器，市场上出售的即可；\n\t②往地下泼水，然后用布擦拭，靠水分的蒸发增加室内的湿度；\n\t③冬天可用容器盛水置放在暖气片上。,/photo/shidushiyi.jpg,主任务1,主任务1,主任务1,主任务1,主任务1,主任务1,主任务1
122,,皮肤,皮肤干裂,"\t用热水洗脸,过高的水温亦会将皮肤分泌的油脂带走,引致皮肤干燥。",不用热水洗脸,洗脸时，用冷水，保油脂，防干燥。,\t1、可以用温水或冷水洗脸。\n\t2、冠心病患者用温水洗脸，以免因寒冷刺激，诱发疾病。,/photo/xilian.jpg,洗漱更衣,洗漱更衣,洗漱更衣,洗漱更衣,洗漱更衣,洗漱更衣,洗漱更衣
123,,皮肤,皮肤干裂,"\t气候异常变化会导致皮脂腺和汗腺的分泌异常,容易引发皮肤干燥;秋冬时节气候干燥,加上风沙较大,流动的空气加速皮肤表面水分的流失,而且随着温度降低,毛孔收缩,汗水和皮脂的分泌减少,更会加剧皮肤的干燥程度.",注意天气变化,看天气，变化大，保皮质，防干燥。,\t1、留心天气预报。\n\t2、气候变化时，注意使用保湿的护肤品。,/photo/tianqiyubao.jpg,洗漱更衣,洗漱更衣,洗漱更衣,洗漱更衣,洗漱更衣,洗漱更衣,洗漱更衣
124,,皮肤,皮肤干裂,\t冬天温度低，毛细血管收缩，对皮肤供氧和滋养的功能减弱，皮肤易干裂。冬季选用的护肤品要比夏季的偏油一点，以取得更好的保湿效果。,冬季选好护肤品,到冬季，需护肤，保供氧，更滋养。,\t1、在外用护肤品中，质地越粘稠的含油量越高。\n\t2、凡士林、甘油中含矿物油，婴幼儿护肤品中含较温和的植物油，如橄榄油、椰子油等。\n\t3、还有些护肤品含有尿囊素，润肤保湿的效果也很好。,/photo/dong.jpg,洗漱更衣,洗漱更衣,洗漱更衣,洗漱更衣,洗漱更衣,洗漱更衣,洗漱更衣
125,,皮肤,皮肤干裂,\t脸部肌肤脱皮，更易在这些死皮，多余角质中残留细菌和尘粉，要重视肌肤的清洁工作。,坚持做肌肤清洁,脸肌肤，要清洁，去死皮，更清爽。,\t在肌肤有起皮脱皮的情况下，更应当注意个人的面部清洁，保持面部的清爽。,/photo/xilian.jpg,洗漱更衣,洗漱更衣,洗漱更衣,洗漱更衣,洗漱更衣,洗漱更衣,洗漱更衣
126,,皮肤,皮肤干裂,\t由于气温、个人肤质情况等等因素影响，肌肤易产生多余的角质层、死皮，为此我们还应当将去角质纳入肌肤清洁工作当中去。,适度去死皮角质,去角质，要适度，保清洁，防干裂。,"\t1、坚持一周做2-3次的去角质工作。
\n\t2、在脱皮严重的情况下，可以坚持在每天在做清洁工作的时候去一下多余角质，但是不能长期使用，待起皮现象有所缓解，适当调整去角质的频率。",/photo/jingqujiaozhi.jpg,洗漱更衣,洗漱更衣,洗漱更衣,洗漱更衣,洗漱更衣,洗漱更衣,洗漱更衣
127,,皮肤,皮肤暗黄,\t如果有便秘的情况出现，停留在小肠的毒素会经血液流遍全身，让肌肤发黄粗糙，影响我们的好脸色。,每天排毒,需排毒，去毒素，防粗糙，保脸色。,\t每天晨起一杯温开水，可以帮助唤醒沉睡的肠道，让我们的一天轻盈开始。,/photo/shui.jpg,醒来-平静-起床,醒来-平静-起床,醒来-平静-起床,醒来-平静-起床,醒来-平静-起床,醒来-平静-起床,醒来-平静-起床
128,,皮肤,皮肤暗黄,\t热水澡让温暖迅速包裹身体，同时促进全身血液循环。332,泡澡,热水澡，促循环，更放松，养颜色。,\t享受水疗是制造好脸色最有效的懒人被动运动。如果再有植物精油和浴盐一起参与这场放松行动，将会是既享受又有效的体验。,/photo/xizao1.jpg,睡前,睡前,睡前,睡前,睡前,睡前,睡前
129,,皮肤,皮肤暗黄,\t及时防晒，减少色素沉积。,及时防晒,要防晒，好习惯，防沉积，更养颜。,\t养成出门擦防晒霜的好习惯。,/photo/fangshai.jpg,洗漱更衣,洗漱更衣,洗漱更衣,洗漱更衣,洗漱更衣,洗漱更衣,洗漱更衣
130,,皮肤,皮肤暗黄,\t夜间是身体排毒的时间，睡的越晚，排毒的效果越差，体内的垃圾得不到及时有效的清理，就会造成皮肤暗黄发暗。,注意休息,多休息，要规律，能排毒，更养颜。,\t在晚上十点之前上床睡觉，最晚不得超过十二点。,,睡眠,睡眠,睡眠,睡眠,睡眠,睡眠,睡眠
131,,皮肤,皮肤暗黄,\t午间小睡可以让大脑和身体得到双重的休整，让我们气色更好，一天精力更充沛。,午睡,中午时，要午睡，复精力，养气色。,\t需要提醒的是，如果在工位上休息，最好关闭电脑，以杜绝辐射。,/photo/wuxiu.jpg,午睡,午睡,午睡,午睡,午睡,午睡,午睡
132,,皮肤,皮肤暗黄,\t红葡萄酒含有丰富的多种矿物质、富含抗氧化的多酚、预防动脉硬化和心脏病、改善手脚冰凉等冷虚症、维C滋润肌肤、明目。,睡前做红葡萄酒面膜,葡萄酒，做面膜，防硬化，更滋养。,\t1、具体方法：把红葡萄酒均匀地洒在一次性面膜布上，然后在脸上敷5分钟(敏感肌肤除外)。\n\t2、每天晚上临睡前做一次这样的美容功课，你会发现自己的脸色真的红润了。,/photo/hongjiu.jpg,睡前,睡前,睡前,睡前,睡前,睡前,睡前
133,,皮肤,皮肤暗黄,\t紫外线照射引起脸色发黄：紫外线是皮肤老化的主要杀手，它会让纹理混乱、血液循环不畅、黑色素积聚，使皮肤暗黄。,涂防晒霜,出门后，防晒霜，阻日光，防老化。,\t无论室内室外，都应该注意涂抹带防晒指数的隔离或防晒霜，且防晒指数PA值(防护UVA的能力)及用量也要足够才行。,/photo/fangshaishuang.jpg,,,洗漱更衣,洗漱更衣,洗漱更衣,洗漱更衣,洗漱更衣
134,,皮肤,皮肤暗黄,\t紫外线照射引起脸色发黄：紫外线是皮肤老化的主要杀手，它会让纹理混乱、血液循环不畅、黑色素积聚，使皮肤暗黄。,使用遮阳伞,出门后，防晒霜，阻日光，防老化。,\t最好使用带有黑胶涂层的遮阳伞，太薄的防晒服防晒效果也不好，应选择不透光、面料结构紧密的产品。,/photo/zheyangsan.png,,,洗漱更衣,洗漱更衣,洗漱更衣,洗漱更衣,洗漱更衣
135,,皮肤,皮肤暗黄,\t如果皮肤缺水，那你使用任何美白产品都是在浪费钱。肌肤水油失衡、皮肤活力差、角质层过厚都会阻碍皮肤吸收养分，美白产品很难起作用。,补水保湿,皮肤上，需保湿，平水油，保养分。,\t先去角质，并做好保湿工作。,/photo/bushuibaoshi.jpg,,,洗漱更衣,洗漱更衣,洗漱更衣,洗漱更衣,洗漱更衣
136,,皮肤,皮肤暗黄,\t艾叶熏脐具有温经散寒、改善气色的效用。,艾叶熏脐,用艾叶，来熏脐，驱寒气，养气色。,"\t1.第一种方法，直接手持，最好使用大艾条，进行艾条悬起温和灸，也就是用手直接拿着艾条，让艾条点燃的一端对着脐部慢慢的燻烤施灸，灸的时候，可以打着圈的来灸，脐正中，脐周围都可以灸到。\n\t2.第二种方法，隔物灸，所隔的物可以是盐、蒜、姜等,这里值得提出的是，隔物灸与着肤灸一样，都应该用比较好的艾绒。\n\t3.不管用哪种方法，每次施灸15～20分钟为宜，每天灸1次，连灸10次，也就是10天为一个疗程。",/photo/fabb8a5639e947318e400d92db96bf97.png,,,睡前,睡前,,,睡前
137,,皮肤,皮肤暗黄,\t药物引起的脸色发黄：长期服用带有黄色素的药物，如阿的平、呋喃类等也可使皮肤变黄。,遵医嘱，勿过量服药,遵医嘱，来服药，养气色，更健康。,\t服用此类药物时，一定要严格按照医嘱服药。,/photo/1460519868921188.jpg,主任务1,主任务1,主任务1,主任务1,主任务1,主任务1,主任务1
138,,皮肤,皮肤暗黄,\t清肝火，疏通肝气。血液循环不良引起的脸色发黄：肝直接影响血脉，肝火旺或肝气郁结便易形成气血不通，影响面部的血液循环，皮肤自然暗淡无光。,保证充足、高质量的睡眠,保睡眠，要充足，清肝火，通肝气。,\t尽量避免长期熬夜、睡眠不足，保证充足的睡眠和休息时间。,/photo/baozhengshuimian.jpg,睡眠,睡眠,睡眠,睡眠,睡眠,睡眠,睡眠
139,,皮肤,皮肤暗黄,\t体内毒素积累引起的脸色发黄：在新陈代谢正常的情况下，食物经肠道消化吸收，废物一般可在24小时内排出体外。但疲劳、紧张等原因，会导致人体出现代谢功能紊乱，致使残余废物在肠内腐败，产生毒素。这些毒素经结肠再次吸收，由血液循环进入人体的不同器官，引发各种疾病，出现记忆力衰退、疲劳、面色灰黄、便秘、痔疮、肥胖等症状。,保持心情舒畅，注意劳逸结合,好心情，益处大，促代谢，更排毒。,\t正确面对工作和生活中的问题，不要过分紧张、急躁。注意身体，不要过分劳累。,/photo/20160312153040_58996.jpg,主任务2,主任务2,主任务2,主任务2,主任务2,主任务2,主任务2
140,,皮肤,皮肤暗黄,\t色素积聚引起的脸色发黄：色素没有有效地清除，长期聚积引起皮肤发黄。,使用足量的洁面产品,清色素，防聚集，更养颜，保肌肤。,\t无泡洁面和泡沫洁面：两类产品针对不同肤质，都可以洗得很干净，共通之处是要用到足够的量，才能将脏东西走。,"/photo/u=3536492934,282529232&fm=214&gp=0.jpg",洗漱更衣,洗漱更衣,洗漱更衣,洗漱更衣,,,洗漱更衣
141,,皮肤,皮肤暗黄,\t色素积聚引起的脸色发黄：色素没有有效地清除，长期聚积引起皮肤发黄。,延长洁面时间,清色素，防聚集，更养颜，保肌肤。,\t在手法正确的前提下，适当延长洁面时间能洗得更干净，毛孔深处的污渍需要足够时间清洁。,/photo/10285815_314859.jpg,洗漱更衣,洗漱更衣,洗漱更衣,洗漱更衣,,,洗漱更衣
142,,皮肤,皮肤暗黄,\t色素积聚引起的脸色发黄：色素没有有效地清除，长期聚积引起皮肤发黄。,正确使用吸盘洁面,清色素，防聚集，更养颜，保肌肤。,\t对于要求特殊手法的产品，比如吸盘洁面，重点在于吸出毛孔中污垢的按压手法，一定要按照产品说明书要求，才能发挥效用。,/photo/561606d7Ne712ab52.jpg!q70.jpg,,,洗漱更衣,洗漱更衣,,,洗漱更衣
143,,皮肤,皮肤暗黄,\t皮脂油腻引起的脸色发黄：堆积在皮肤表面的油腻、老旧角质及污垢如不被及时清除掉将会引起皮肤发黄。,注意皮肤清洁,要洗脸，防油腻，去皮脂，更养颜。,\t养成每日早、晚洗脸的好习惯。,/photo/qingjiepifu.jpg,洗漱更衣,洗漱更衣,洗漱更衣,洗漱更衣,洗漱更衣,洗漱更衣,洗漱更衣
144,,皮肤,皮肤暗黄,\t化学物质过敏引起的脸色黄：品质低劣的护肤品中含有的铅、汞等有害化学物质，亦可令肤色变黄变深。,不要使用品质低劣的化妆品,化妆品，忌低廉，防过敏，更养颜。,\t购买正规、有品质保障的化妆品。,/photo/2015514105052.jpg,主任务2,主任务2,主任务2,主任务2,主任务2,主任务2,主任务2
145,,皮肤,皮肤暗黄,\t长期熬夜、睡眠不足引起脸色发黄：因熬夜而没有足够的时间睡眠，肝胆就得不到充分的休息，可表现为皮肤粗糙、黑斑、面色发黄等。,作息规律、不熬夜,按时睡，要规律，养肝胆，更养颜。,\t保持规律的作息习惯，晚上尽量不熬夜。,/photo/003t35oFzy6Pe5Dgk1jf1&690.jpg,睡眠,睡眠,睡眠,睡眠,睡眠,睡眠,睡眠
146,,皮肤,皮肤暗黄,\t缺乏运动引起的面色黄：长期缺乏运动，身体及肌肤的循环代谢减慢，导致体内囤积过多的废物废气。,适量运动排出体内代谢废物,需运动，要适度，促循环，排毒物。,\t注意锻炼身体，保持适当的运动强度。,/photo/0040110599.jpg,主任务2,主任务2,主任务2,主任务2,主任务2,主任务2,主任务2
147,,皮肤,皱纹,\t高枕导致睡觉姿势扭曲，也可能会导致颈纹产生。,睡觉不用枕头,睡觉时，不用枕，去颈纹，更美丽。,\t建议睡觉时不用枕头，或者枕头的形状能保证头部低于脖子，下巴微微抬起。,/photo/zhentou.jpg,睡眠,睡眠,睡眠,睡眠,睡眠,睡眠,睡眠
148,,皮肤,皱纹,\t颈霜可以让脖子变得光滑润泽，去除皱纹。,睡前涂颈霜,睡觉前，涂颈霜，保光滑，去皱纹。,\t睡觉前，在脖子上涂护肤霜，再用毛巾裹住，也有助于预防颈纹。,/photo/jingshuang.jpg,睡前,睡前,睡前,睡前,睡前,睡前,睡前
149,,皮肤,皱纹,\t紫外线会引起或加剧颈部皮肤老化。,颈部涂防晒霜,在颈部，需防晒，防晒霜，防老化。,\t平日颈部也需要涂上润肤霜及防晒品。,/photo/fangshai.jpg,洗漱更衣,洗漱更衣,洗漱更衣,洗漱更衣,洗漱更衣,洗漱更衣,洗漱更衣
150,,皮肤,皱纹,\t脖子处的角质导致皱纹的出现。,定期去角质,脖颈处，去角质，更清洁，防皱纹。,\t1、选择性质比较温和的面部去角质产品，身体去角质产品用在颈部则要谨慎，因为它的颗粒较大，容易伤害颈部脆弱皮肤，要选用颗粒极细腻的才可以。\n\t2、以螺旋的方式由下往上按摩，颈部靠近耳后的部分，也要彻底清洁，然后以清水洗净。\n\t3、每周1-2次。,/photo/jingqujiaozhi.jpg,睡前,睡前,睡前,睡前,睡前,睡前,睡前
151,,皮肤,皱纹,\t颈膜中的精华可渗透至肌肤底层，达到补湿、舒缓及抗皱的作用。,睡前敷颈膜,睡觉前，敷颈膜，更补湿，缓皱纹。,\t也可以以面膜或面膜布代替，但注意的是，颈部皮肤较松软，一定不要使用撕拉式颈膜，否则会把皮肤拉得更松。,/photo/jingmo.jpg,睡前,睡前,睡前,睡前,睡前,睡前,睡前
152,,皮肤,皱纹,\t用按摩膏按摩，有助于减少颈部皱纹。,睡前用按摩膏按摩,睡觉前，按摩膏，来按摩，防皱纹。,\t 入睡之前，往颈部涂抹适量的按摩膏，轻轻按摩5分钟左右，有助于减少颈纹。,/photo/anmogao.jpg,睡前,睡前,睡前,睡前,睡前,睡前,睡前
153,,皮肤,皮肤干裂,\t洗澡过多或过少对皮肤都不利，要根据自己的情况酌情处理。,把握洗澡频率,洗澡时，要适度，按需求，更养肤。,\t1、干性皮肤的人不要频繁洗澡，以免将体表分泌的油脂保护膜破坏掉。\n\t2、皮脂腺分泌少的老年人一周洗一两次即可。,/photo/xizao1.jpg,洗漱更衣,洗漱更衣,洗漱更衣,洗漱更衣,洗漱更衣,洗漱更衣,洗漱更衣
154,,皮肤,皮肤干裂,\t每个人的皮肤情况不同，要选择最适合自己的用品。,选对护肤品,护肤品，安需选，更适合，才养颜。,\t1、油性皮肤的人尽量不选油性很大的护肤品，以免阻塞毛孔，导致脂肪粒、粉刺的出现，可使用含水量高的清爽型乳液或保湿露。\n\t2、但是对于末梢循环不佳、已经出现干裂的部位，要使用含油量较大的护肤品。,/photo/hufupin.jpg,主任务2,主任务2,主任务2,主任务2,主任务2,主任务2,主任务2
155,,皮肤,皮肤干裂,\t每个人的皮肤情况不同，要选择最适合自己的用品。,根据皮肤状况选择沐浴用品,护肤品，安需选，更适合，才养颜。,\t1、油性皮肤或者运动后污垢较多的人，可以选择清洁力较强的香皂；\n\t2、皮肤容易干燥的人最好选择有滋养成分的沐浴露，并且在沐浴后及时涂抹身体润肤霜。,/photo/muyulu.png,主任务1,主任务1,主任务1,主任务1,主任务1,主任务1,主任务1
156,,皮肤,皮肤干裂,\t颈霜可以改善脖子皮肤干燥的情况，让脖子变得光滑润泽。,使用颈霜,用颈霜，防干裂，更光滑，保润泽。,\t1、如果脖子皮肤干燥粗糙的话，每天先用化妆水拍打脖子皮肤，稍加滋润后，就涂上颈霜，边抹匀边按摩，让皮肤充分吸收。\n\t2、每天早晚如此使用颈霜。,/photo/jingshuang.jpg,洗漱更衣,洗漱更衣,洗漱更衣,洗漱更衣,洗漱更衣,洗漱更衣,洗漱更衣
157,,皮肤,皮肤干裂,\t颈膜为脖子皮肤补充营养和水分，充分滋养脖子皮肤。,使用颈膜,用颈膜，不营养，饱水分，更滋养。,\t1、每周使用两到三次颈膜。\n\t2、每次敷完颈膜以后，再使用颈霜保湿，这样脖子皮肤变得水润也是指日可待。,/photo/jingmo.jpg,洗漱更衣,洗漱更衣,洗漱更衣,洗漱更衣,洗漱更衣,洗漱更衣,洗漱更衣
158,,皮肤,皮肤干裂,\t脖子皮肤干燥粗糙有时是因为角质堆积补水补不进导致的。,去角质,去角质，更补水，保湿润，防干燥。,\t1、用清水洗干净颈部肌肤后，将磨砂膏涂在脖子上轻轻的按摩，将多余的老废角质去除，然后使用颈膜颈霜的效果就会大大提高。\n\t2、去角质的次数不宜太多，尤其是脖子皮肤比较薄，两周左右一次就好了。,/photo/jingbuqujiaozhi.jpg,洗漱更衣,洗漱更衣,洗漱更衣,洗漱更衣,洗漱更衣,洗漱更衣,洗漱更衣
159,,胸部,平胸,\t胸罩不可过松或过紧，如果胸罩太大，起不到支托乳房的作用，而太小会妨碍乳房的发育。,正确穿戴胸罩,穿胸罩，学问大，要注意，养胸部。,\t合适的胸罩尺寸是测量自己的底胸围，即用软皮尺沿两侧乳房下缘一周测量。,/photo/xiongzhao.jpg,,,洗漱更衣,洗漱更衣,洗漱更衣,洗漱更衣,洗漱更衣
160,,胸部,平胸,\t不规律生活对于胸腺发育有很大的阻碍作用。足够的休息时间能够很好养生，为丰胸提供了很好的保证。,睡眠时间充足,按时睡，要规律，养乳腺，更丰胸。,\t每天最好有8～10小时的睡眠。,/photo/shuimiannv.jpg,,,睡眠,睡眠,睡眠,睡眠,睡眠
161,,胸部,平胸,\t乳房热敷有利于促进性腺的分泌，促进乳腺的发育，使乳房丰满挺拔。,乳房热敷,来热敷，养乳腺，促发育，更丰满。,\t每天晚上临睡前，用热毛巾对乳房进行3-5分钟的热敷，之后用双手按摩两个乳房,/photo/maojinrefu.jpg,,,睡前,睡前,睡前,睡前,睡前
162,,胸部,平胸,\t保持正确的坐姿不仅仅是对胸部，对女性的体态也是很有效的矫正方法。,挺腰直身端坐,正坐姿，养胸部，塑体态，更美丽。,\t坐下时尽量将胸部挺起，而不要放松腹部令胸部下垂。,/photo/duanzuo.jpg,,,主任务1,主任务1,主任务1,主任务1,主任务1
163,,胸部,平胸,\t温水冲洗胸部能促进胸腺发育，刺激血液循环。不仅能保持清洁，还能增加胸部的柔韧性，预防下垂。,沐浴健胸,用温水，来冲胸，促循环，防下垂。,\t沐浴时以莲蓬头冲洗胸部，使用温水，每次至少冲洗1分钟,/photo/2013032701244489b01.jpg,,,睡前,睡前,睡前,睡前,睡前
164,,整体,减肥塑形,\t粗盐有发汗的作用，它可以排出体内的废物和多余的水分，促进皮肤的新陈代谢，还可以软化污垢、补充盐分和矿物质，使肌肤细致、紧绷。,粗盐减肥法　　,用粗盐，可减肥，拍废物，促代谢。,\t1、每次洗澡前，取一杯粗盐加上少许热水拌成糊状，再把它涂在腹部。\n\t2、10分钟后，用热水把粗盐冲洗干净，也可以按摩后再冲掉，然后就可以开始洗澡了。或者，在洗完澡后，在手掌上撒一大匙粗盐，直接按摩腹部，搓时不要太用劲，以免把皮肤搓得更粗糙。如果肌肤敏感，改用细盐。,/photo/cuyan.jpg,睡前,睡前,睡前,睡前,,睡前,睡前
165,,整体,减肥塑形,\t脂肪在零下15度是会以游离的状态存在，此时更利于减肥。洗澡可以去除肌肤间的污垢，而且身体能够得到适当的按摩，促进血液循环，提高身体代谢率。,少衣多浴,多洗澡，去污垢，促循环，提代谢。,\t1、当冬季来临时不要穿得太暖和，最好是衣着仅仅及暖便可。\n\t2、经常洗澡。,/photo/xizao1.jpg,洗漱更衣,洗漱更衣,洗漱更衣,洗漱更衣,,洗漱更衣,洗漱更衣
166,,整体,减肥塑形,\t少吃多餐可以快速提高身体的代谢率以及对热量的需求。,少吃多餐,多进餐，少用食，促代谢，更减肥。,\t每隔几小时进食一餐，而一餐可以仅仅是一碗汤或者一个苹果。,/photo/pingguo.jpg,主任务1,主任务1,主任务1,主任务1,,主任务1,主任务1
167,,整体,减肥塑形,\t盘中食物会产生视觉冲击，让我们注意到吃下去多少食物。而从包装中取食，则会让人不知不觉地吃下更多。装盘还可以量化食物，吃完就停。,食物总放在盘子上,装食物，用盘子，冲视觉，易少食。,\t无论吃啥，不要直接从包装中取食物，或将食物连包装带到沙发上吃，最好将食物倒在盘子上。,/photo/panzi.jpg,主任务2,主任务2,主任务2,主任务2,,主任务2,主任务2
168,,整体,减肥塑形,\t喝水能增加新陈代谢水平，帮助身体消耗更多的热量。,喝水减肥,多喝水，促代谢，耗热量，更减肥。,\t1、在办公桌上放瓶水。当你想吃甜食或者其它零食的时候，适当地喝一点水，便可以减轻进食的欲望。\n\t2、当有压力的时候也不要寄情于吃食，可以多散步，用正确的方法释放压力。,/photo/shui.jpg,主任务1,主任务1,主任务1,主任务1,,主任务1,主任务1
169,,整体,减肥塑形,\t捧腹大笑其实也是和胃打招呼的一个表现，大笑能够锻炼胃部肌肉。如果你有一个更加苗条、更加迷人的胃，那么离减肥成功也就不远了。,多些笑声,多笑笑，练胃部，促减肥，更苗条。,\t每天大笑至少10分钟，能够增加胃部肌肉的运动能力，调节好饮食，你就能苗条很久了。,/photo/xiao.gif,主任务2,主任务2,主任务2,主任务2,,主任务2,主任务2
170,,整体,减肥塑形,\t泡澡能够促进血液循环并强化新陈代谢，能够很好的消耗脂肪，可以起到减肥修身的作用。,多泡澡,多泡澡，促循环，强代谢，更修身。,\t平常的话每周三次左右。,/photo/xizao1.jpg,睡前,睡前,睡前,睡前,,睡前,睡前
171,,整体,减肥塑形,\t足浴能够促进血液循环并强化新陈代谢，能够很好的消耗脂肪，可以起到减肥修身的作用。,多做足浴,来足浴，促循环，强代谢，更修身。,\t平常的话每周三次左右。,/photo/reshuipaojiao.jpg,睡前,睡前,睡前,睡前,,睡前,睡前
172,,整体,减肥塑形,\t电视吃薯片等零食是很多年轻人喜欢做的事情，那么如果你有这个坏习惯还想要翘臀的话就尽早改掉吧！继续沙发土豆的后果不仅是身体越来越差，臀部肥肉也会越来越多的。,改变沙发土豆的习惯,看电视，少零食，多起身，做运动。,\t看电视的时候起来走走，别窝在沙发里，摇摇呼啦圈或者做做运动。,/photo/shafatudou.png,睡前,睡前,睡前,睡前,,睡前,睡前
173,,整体,减肥塑形,\t充足高质量的睡眠，可以减少热量摄入和脂肪囤积。,作息时间规律,按时睡，要规律，减热量，去脂肪。,\t作息时间一定要调整好，而且一定要规律。不管是上班还是休息，一定要养成按时作息的好习惯。,/photo/zuoxiguilv.jpg,睡前,睡前,睡前,睡前,,睡前,睡前
174,,整体,减肥塑形,\t充足高质量的睡眠，可以减少热量摄入和脂肪囤积。,睡前不吃东西,按时睡，要规律，减热量，去脂肪。,\t1、晚餐最好是睡前4个小时吃。除了晚餐，最好不要吃夜宵。\n\t2、睡前大吃大喝向来是减肥的大忌，水也要少喝。\n\t3、除此之外，一些坏习惯也要改改，比如上网看电视时喜欢吃东西，这是很容易堆积脂肪的，而且入睡前吃掉太多东西，很容易让人兴奋，更加不容易睡眠，这会直接影响到睡眠减肥的效果哦!,/photo/shuiqianbuchidongxi.jpg,睡前,睡前,睡前,睡前,,睡前,睡前
175,,整体,减肥塑形,\t充足高质量的睡眠，可以减少热量摄入和脂肪囤积。,增加睡眠时间,按时睡，要规律，减热量，去脂肪。,\t每天早点把当天的事情完成，早点入睡。这样就可以获得更多的睡觉时候，长期以往，就可以获得更多的睡觉时间，从而让你达到减肥的效果。,/photo/zuoxiguilv.jpg,睡前,睡前,睡前,睡前,,睡前,睡前
176,,整体,减肥塑形,\t生活中如果经常弯腰驼背，会令斜方肌、三角肌和三头肌处于松弛状态，久而久之这个部位的脂肪就会增多，形成难看的拜拜肉。,纠正错误坐姿,调坐姿，要正确，去脂肪，更修身。,\t1、正确做法：应随时保持昂首挺胸，坐的时候上半身应保持颈部直立，使头部获得支撑，两肩自然下垂，上臂贴近身体，手肘弯曲呈90度。\n\t2、操作键盘或滑鼠，尽量使手腕保持水平姿势，手掌中线与前臂中线，应保持一直线。\n\t3、下半身腰部挺直，膝盖自然弯曲呈90度，并维持双脚着地的坐姿。,/photo/zuoruzhong.jpg,主任务1,主任务1,主任务1,主任务1,,主任务1,主任务1
177,,整体,减肥塑形,\t如果经常搬重物，比如做农活或家务活，手臂因用力过度，日子久了手臂会长出健硕粗壮的肌肉块。,减少长时间搬重物,搬重物，要少做，修手臂，更美丽。,\t1、建议减少长时间搬重物。\n\t2、如果提重物很多，回家后热敷、揉按，帮助放松肌肉。,/photo/zhongtililaodong.jpg,主任务2,主任务2,主任务2,主任务2,,主任务2,主任务2
178,,整体,减肥塑形,\t使用精油消除臂部蜂窝组织内的毒素，排出手臂处多余水分和废物，紧致肌肉。,柠檬茴香瘦手臂按摩油,用精油，除毒素，拍废物，紧肌肉。,\t1、材料：柠檬精油、茴香精油各4滴，橄榄油25毫升。\n\t2、将橄榄油倒人瓶中，依次滴人柠檬精油和茴香精油，混合均匀即可。将按摩油均匀涂抹于臂部，从下至上、以扭拧的方式按摩臂部，以臂部稍发热为佳。,/photo/jingyou.jpg,睡前,睡前,睡前,睡前,,睡前,睡前
179,,整体,减肥塑形,\t使用精油消除臂部蜂窝组织内的毒素，排出手臂处多余水分和废物，紧致肌肉。,天竺葵瘦手臂按摩油,用精油，除毒素，拍废物，紧肌肉。,"\t1、材料：天竺葵精油8滴，橄榄油25毫升。\n\t2、做法：25毫升橄榄油倒入深蓝色玻璃瓶中，滴入天竺葵精油，摇晃均匀即可。\n\t3、用法：将按摩油均匀涂抹于臂部，从下至上、以扭拧的方式按摩臂部，以臂部稍
发热为佳。",/photo/jingyou.jpg,睡前,睡前,睡前,睡前,,睡前,睡前
180,,整体,减肥塑形,\t使用精油消除臂部蜂窝组织内的毒素，排出手臂处多余水分和废物，紧致肌肉。,丝柏甜杏仁按摩油,涂精油，排毒素，排水分，紧肌肉,\t1、材料：丝柏精油3滴，杜松精油2滴，甜杏仁精油5毫升。\n\t2、做法：往甜杏仁精油中依次滴入丝柏精油和杜松精油，搅拌均匀即可。\n\t3、用法：涂抹在颈肩部位按摩。\n\t4、功效：加速肥胖部位脂肪的溶解速度，紧致肌肤。,/photo/jingyou.jpg,睡前,睡前,睡前,睡前,,睡前,睡前
181,,整体,减肥塑形,\t泡脚加速脚部新陈代谢，排出积聚在体内的废物及水分。,热水泡脚,常泡脚，促代谢，排废物，排水分,\t睡前泡脚时间不宜超过30分钟。,/photo/reshuipaojiao.jpg,睡前,睡前,睡前,睡前,,睡前,睡前
182,,整体,减肥塑形,\t对肌肤刺激作用很大的外用产品会改变肌肤细胞的新陈代谢状况，还会影响毛孔呼吸和毛细血管的血液循环。,减少腿部肌肤刺激,减外用，少刺激，护细胞，促循环,\t想瘦腿进行按摩是可以的，但应该尽量减少外用产品对腿部的刺激。,/photo/shoutuigao.jpg,睡前,睡前,睡前,睡前,,睡前,睡前
183,,整体,减肥塑形,\t经常活动腿部，改变腿部受力的方向和力度，对改善腿部血液循环舒缓水肿很有帮助。,多动腿,活动退，改受力，调循环，去水肿,\t时常更换坐姿或站姿，不久坐，不久站。,/photo/bujiuzuo.jpg,主任务2,主任务2,主任务2,主任务2,,主任务2,主任务2
184,,整体,减肥塑形,\t踮脚尖时在脚尖与地面的接触点是涌泉穴，刺激这个穴位对全身血液循环都有很好的带动作用。,踮脚尖走路,踮脚尖，涌泉穴，刺穴位，促循环,\t1、踮脚尖的方法是：双脚并拢，抬起脚跟，脚尖着地，保持1分钟左右，再放下脚跟，反复进行几次。\n\t2、工作间隙，可以抬起脚跟走路，每次走上3~5分钟，休息一会儿，再反复多做几次，速度以自己感觉舒适为宜。\n\t3、实在是很繁忙的时候，也可以在坐着的时候踮起脚尖，保持大腿和小腿呈垂直状态，也可以在大腿上放一本书，以加大力度。,/photo/dianjiaojian.jpg,主任务1,主任务1,主任务1,主任务1,,主任务1,主任务1
185,,整体,减肥塑形,\t按摩可促进局部肌肤血液循环，使大腿更紧实。,咖啡粉瘦腿,常按摩，促循环，护皮肤，瘦大腿,\t将未煮过的咖啡粉调和按摩油，以螺旋状轻轻按摩大腿和臀部。,/photo/kafeifen.jpg,睡前,睡前,睡前,睡前,,睡前,睡前
186,,整体,减肥塑形,\t粗盐可以刺激人体发汗，帮助排除体内多余的水分，促进皮肤的新陈代谢，排除体内废物。,粗盐瘦腿法,洗澡前，涂粗盐，促代谢，排废物,\t1、每天洗澡前，取一杯粗盐加上少许的热水拌成糊状，涂在大腿上，只要涂在身上盐不脱落就可以了。\n\t2、10分钟后，用热水把粗盐冲洗干净，也可以在涂抹上之后做些按摩，然后再用水重洗干净即可。\n\t3、可以使用一般的粗盐，也可以用商店中出售的沐浴盐，粗盐瘦腿法对于不喜欢运动的美眉们来说非常适合。,/photo/cuyan.jpg,睡前,睡前,睡前,睡前,,睡前,睡前
187,,整体,减肥塑形,\t经常穿高跟鞋，使小腿承受了过重的重量，腿部受力开始外移，造成小腿肌肉越来越外翻，导致小腿变粗。,改变鞋跟的高度拉伸小腿肌肉,高跟鞋，常承重，勤换鞋，瘦小腿,\t如平时穿低跟鞋走路的人换上高跟鞋，平时穿高跟鞋的走路人换上低跟鞋。,/photo/gaogenxie.jpg,,,洗漱更衣,洗漱更衣,,洗漱更衣,洗漱更衣
188,,整体,减肥塑形,\t不正确的走路姿势，使小腿承受了过重的重量，腿部受力开始外移，造成小腿肌肉越来越外翻，导致小腿变粗。,改变走路的姿势,走姿错，小腿弱，勤矫正，瘦小腿,\t走路时，将身体的重量平均分摊于脚跟的部分，避免让小腿承担过多的重量。,/photo/zouluzishi.gif,主任务1,主任务1,主任务1,主任务1,,主任务1,主任务1
189,,整体,减肥塑形,\t泡脚加速脚部新陈代谢，排出积聚在体内的废物及水分。,临睡泡脚,临睡前，常泡脚，排废物，排水分,\t睡前泡脚时间不宜超过30分钟。,/photo/reshuipaojiao.jpg,睡前,睡前,睡前,睡前,,睡前,睡前
190,,整体,减肥塑形,\t踮脚尖时在脚尖与地面的接触点是涌泉穴，刺激这个穴位对全身血液循环都有很好的带动作用。,在椅子上坐的时候踮脚尖,踮脚尖，涌泉穴，刺穴位，促循环,\t坐椅子的时候，把脚尖翘起来，保持大腿和小腿呈垂直状态，也可以在大腿上放一本书，以加大力度。,/photo/zuozhedianjiao.jpg,主任务2,主任务2,主任务2,主任务2,,主任务2,主任务2
191,,整体,减肥塑形,\t粗盐可以刺激人体发汗，帮助排除体内多余的水分，促进皮肤的新陈代谢，排除体内废物。,粗盐瘦腿法,洗澡前，涂粗盐，促代谢，排废物,\t1、每天洗澡前，取一杯粗盐加上少许的热水拌成糊状，涂在小腿上，只要涂在身上盐不脱落就可以了。\n\t2、10分钟后，用热水把粗盐冲洗干净，也可以在涂抹上之后做些按摩，然后再用水重洗干净即可。\n\t3、可以使用一般的粗盐，也可以用商店中出售的沐浴盐，粗盐瘦腿法对于不喜欢运动的美眉们来说非常适合。,/photo/cuyan.jpg,睡前,睡前,睡前,睡前,,睡前,睡前
192,,整体,减肥塑形,\t贴胶带会拉紧小腿外侧，使向外撇出的小腿肚自然收回，从而使两条小腿的线条更完美。,脚跟贴胶带,贴胶带，拉小腿，常拉伸，塑线条,\t1、剪2条长约15厘米的宽胶带，取其中l条，将一端固定在外侧左脚踝上方四指宽处。然后沿着跟腱垂直向下拉伸，将另一端粘贴到脚跟下。\n\t2、右脚跟按同样的方式粘贴。,/photo/jiaodai.png,洗漱更衣,洗漱更衣,洗漱更衣,洗漱更衣,,洗漱更衣,洗漱更衣
193,,皮肤,皮肤干裂,\t每个人的皮肤情况不同，要选择最适合自己的用品。,选对护肤品,皮肤干，要护肤，选对品，最适合,\t1、油性皮肤的人尽量不选油性很大的护肤品，以免阻塞毛孔，导致脂肪粒、粉刺的出现，可使用含水量高的清爽型乳液或保湿露。\n\t2、但是对于末梢循环不佳、已经出现干裂的部位，要使用含油量较大的护肤品。,/photo/hufupin.jpg,洗漱更衣,洗漱更衣,洗漱更衣,洗漱更衣,,洗漱更衣,洗漱更衣
194,,皮肤,皮肤干裂,\t每个人的皮肤情况不同，要选择最适合自己的用品。,根据皮肤状况选择沐浴用品,皮肤干，要护肤，选对品，最适合,\t1、油性皮肤或者运动后污垢较多的人，可以选择清洁力较强的香皂；\n\t2、皮肤容易干燥的人最好选择有滋养成分的沐浴露，并且在沐浴后及时涂抹身体润肤霜。,/photo/muyulu.png,洗漱更衣,洗漱更衣,洗漱更衣,洗漱更衣,,洗漱更衣,洗漱更衣
195,,皮肤,皮肤干裂,\t用物理方法加速油性成分和水分的渗透和滋养。,使用凡士林油,水油兼，需渗透，常涂抹，助滋养,\t在清洗后抹上更厚的凡士林油保湿。,/photo/fanshilin.jpg,洗漱更衣,洗漱更衣,洗漱更衣,洗漱更衣,,洗漱更衣,洗漱更衣
196,,皮肤,皮肤干裂,\t用物理方法加速油性成分和水分的渗透和滋养。,用手套保湿,水油兼，需渗透，常涂抹，助滋养,\t清洗后，涂好护肤品，再戴上手套。,/photo/shoutao.png,睡前,睡前,睡前,睡前,,睡前,睡前
197,,皮肤,皮肤干裂,\t用物理方法加速油性成分和水分的渗透和滋养。,保鲜膜保湿,水油兼，需渗透，常涂抹，助滋养,\t用保鲜膜把干裂的局部封包起来,/photo/baoxianmo.jpg,睡前,睡前,睡前,睡前,,睡前,睡前
198,,皮肤,皮肤干裂,\t洗澡过多或过少对皮肤都不利，要根据自己的情况酌情处理。,把握洗澡频率,护皮肤，注沐浴，莫贪多，莫太少,\t1、干性皮肤的人不要频繁洗澡，以免将体表分泌的油脂保护膜破坏掉。\n\t2、皮脂腺分泌少的老年人一周洗一两次即可。,/photo/xizao1.jpg,睡前,睡前,睡前,睡前,,睡前,睡前
199,,精神,精气神,\t养精首先要节欲，这是最关键的一种做法。由于太多泄精，会泄掉人的精气。,节欲保精,需养精，适宣泄，求规律，莫频繁,\t性生活要有规律，不要过于频繁。,/photo/jiezhixingshenghuo.jpeg,睡前,睡前,睡前,睡前,,睡前,睡前
200,,精神,精气神,\t精有先天、后天之分，中医说：先天之精受之父母，是“生命之根”。先天之精，需要后天之精的充养，才能使其发挥最大的功能。后天之精，完全来自饮食中的营养物质，又称“水谷精微”，有了这些营养物质的补充，人才能正常生活。定时指一日三餐必须固定，不可或缺，也不可以没有规律。,饮食定时,先天精，后天养，营养足，益增补,\t吃饭的时间尽量一致，太晚吃对脾胃的伤害很大。,/photo/chifandingshi.jpg,主任务2,主任务2,主任务2,主任务2,,主任务2,主任务2
201,,精神,精气神,\t精有先天、后天之分，中医说：先天之精受之父母，是“生命之根”。先天之精，需要后天之精的充养，才能使其发挥最大的功能。后天之精，完全来自饮食中的营养物质，又称“水谷精微”，有了这些营养物质的补充，人才能正常生活。,饮食定量,先天精，后天养，营养足，益增补,\t定量指每天摄取的食物热量基本要一致，也就是饭量，一般来说，人体会自然调整出合适的饭量，而人体也会逐渐适应这个饭量。,/photo/chifandingliang.jpg,主任务1,主任务1,主任务1,主任务1,,主任务1,主任务1
202,,精神,精气神,\t精有先天、后天之分，中医说：先天之精受之父母，是“生命之根”。先天之精，需要后天之精的充养，才能使其发挥最大的功能。后天之精，完全来自饮食中的营养物质，又称“水谷精微”，有了这些营养物质的补充，人才能正常生活。,不偏食,先天精，后天养，营养足，益增补,\t就算胃口不好，也不可以一点食物都不吃。,/photo/pianshi.jpg,主任务1,主任务1,主任务1,主任务1,,主任务1,主任务1
203,,精神,精气神,\t精有先天、后天之分，中医说：先天之精受之父母，是“生命之根”。先天之精，需要后天之精的充养，才能使其发挥最大的功能。后天之精，完全来自饮食中的营养物质，又称“水谷精微”，有了这些营养物质的补充，人才能正常生活。,不嗜食,先天精，后天养，营养足，益增补,\t遇到菜色丰富或胃口好的时候，不能没有节制的大吃大喝。老年人要注意不要吃得太饱，吃饭只吃８分饱，不要有撑的感觉。,/photo/bushishi.png,主任务2,主任务2,主任务2,主任务2,,主任务2,主任务2
204,,精神,精气神,\t练睡养生时，要侧着身体，好像狗一样蜷着身子。,睡狗觉,睡养生，侧身体，曲臂枕，抚肚脐,"\t1、 一只手屈臂当枕头，一只手直抚于肚脐眼。一条腿伸展，一条腿弯曲。这就是炼形。\n\t2、 睡养生要求先睡心，后睡眼。也就是先要收心入静，然后才闭目入睡。首先要使心神不外驰，就是不能老想着外面的事情，要把心神收敛起来，这是炼神。\n\t3、 呼吸要调匀、调细，气机自然、安定、平和。只有精、气、神三者和合凝聚，才能达到养生的目的。
",/photo/shuigoujiao.jpg,睡眠,睡眠,睡眠,睡眠,睡眠,睡眠,睡眠
205,,精神,自卑感,\t劳逸结合，建立健康的生活方式。良好的生活方式是人类身心健康的重要保证。老年人应该做到劳逸结合、张弛有度才能利于身心健康。,赖会床再起,劳逸合，松弛度，健康态，身心活,\t早上醒来，4~5分钟之后再起床。,/photo/laichuang.jpg,醒来-平静-起床,,醒来-平静-起床,醒来-平静-起床,醒来-平静-起床,醒来-平静-起床,醒来-平静-起床
206,,精神,自卑感,\t劳逸结合，建立健康的生活方式。良好的生活方式是人类身心健康的重要保证。老年人应该做到劳逸结合、张弛有度才能利于身心健康。,起床要缓,劳逸合，松弛度，健康态，身心活,\t早上起来的时候，不要起的太猛，以免引起头晕、头痛等症状。,/photo/qichuangyaohuan.jpg,醒来-平静-起床,,醒来-平静-起床,醒来-平静-起床,醒来-平静-起床,醒来-平静-起床,醒来-平静-起床
207,,精神,自卑感,\t劳逸结合，建立健康的生活方式。良好的生活方式是人类身心健康的重要保证。老年人应该做到劳逸结合、张弛有度才能利于身心健康。,起床后喝杯水,劳逸合，松弛度，健康态，身心活,\t每天清晨起床后喝杯水。,/photo/shui.jpg,醒来-平静-起床,,醒来-平静-起床,醒来-平静-起床,醒来-平静-起床,醒来-平静-起床,醒来-平静-起床
208,,精神,自卑感,\t劳逸结合，建立健康的生活方式。良好的生活方式是人类身心健康的重要保证。老年人应该做到劳逸结合、张弛有度才能利于身心健康。,每天定时排便,劳逸合，松弛度，健康态，身心活,\t每天定时排便，排便时精力集中，即使无便意也要做动作，预防便秘。,/photo/dingshipaibian.jpg,如厕,,"如厕
",如厕,如厕,如厕,如厕
209,,精神,自卑感,\t劳逸结合，建立健康的生活方式。良好的生活方式是人类身心健康的重要保证。老年人应该做到劳逸结合、张弛有度才能利于身心健康。,大便忌用力过猛,劳逸合，松弛度，健康态，身心活,\t1、大小便时应学会自我放松，轻轻用力，切忌急于排空而用力屏气，便后也不要骤然站起。\n\t2、如大便干燥可采用一些通便药物，如番泻叶、开塞露等。,/photo/paibianjiyongli.gif,如厕,,"如厕
",如厕,如厕,如厕,如厕
210,,精神,自卑感,\t劳逸结合，建立健康的生活方式。良好的生活方式是人类身心健康的重要保证。老年人应该做到劳逸结合、张弛有度才能利于身心健康。,温水洗漱,劳逸合，松弛度，健康态，身心活,\t洗漱时，宜用温水，尤其是在寒冷的冬季。,/photo/wenshuixishu.jpg,洗漱更衣,,洗漱更衣,洗漱更衣,洗漱更衣,洗漱更衣,洗漱更衣
211,,精神,孤独感,\t劳逸结合，建立健康的生活方式。良好的生活方式是人类身心健康的重要保证。老年人应该做到劳逸结合、张弛有度才能利于身心健康。,老年人出行时最好有人陪护,劳逸合，松弛度，健康态，身心活,\t尽量不要独自出门，找个人陪同。,/photo/peitong.jpg,主任务1,,,,,,
212,,精神,孤独感,\t劳逸结合，建立健康的生活方式。良好的生活方式是人类身心健康的重要保证。老年人应该做到劳逸结合、张弛有度才能利于身心健康。,使用拐杖,劳逸合，松弛度，健康态，身心活,\t平时或上街时可用拐仗，拐杖着地的一端最好带有橡皮头以防地滑。,/photo/shouzhang.jpg,主任务1,,,,,,
213,,精神,孤独感,\t劳逸结合，建立健康的生活方式。良好的生活方式是人类身心健康的重要保证。老年人应该做到劳逸结合、张弛有度才能利于身心健康。,走路注意休息,劳逸合，松弛度，健康态，身心活,\t行走时间不能太长，一旦感到疲乏应及时休息。,/photo/zouluxiuxi.jpg,主任务2,,,,,,
214,,精神,孤独感,\t劳逸结合，建立健康的生活方式。良好的生活方式是人类身心健康的重要保证。老年人应该做到劳逸结合、张弛有度才能利于身心健康。,搀扶,劳逸合，松弛度，健康态，身心活,\t老人出行时步伐多较缓慢，陪同出行人员一定不能催促，必要时要予以搀扶或由自己扶着室内的墙壁、桌椅往前走。,/photo/chanfu.jpg,主任务1,,,,,,
215,,精神,孤独感,\t劳逸结合，建立健康的生活方式。良好的生活方式是人类身心健康的重要保证。老年人应该做到劳逸结合、张弛有度才能利于身心健康。,注意看天气预报,劳逸合，松弛度，健康态，身心活,\t外出前要掌握当日的天气，并根据天气情况准备必要的物品，同时要合理安排外出的时间，避免时间太长。,/photo/tianqiyubao.jpg,主任务2,,,,,,
216,,精神,孤独感,\t劳逸结合，建立健康的生活方式。良好的生活方式是人类身心健康的重要保证。老年人应该做到劳逸结合、张弛有度才能利于身心健康。,切勿匆忙外出,劳逸合，松弛度，健康态，身心活,\t外出前应先做好充分的准备。,/photo/wucongmangwaichu.jpg,主任务1,,,,,,
217,,精神,空虚感,\t劳逸结合，建立健康的生活方式。良好的生活方式是人类身心健康的重要保证。老年人应该做到劳逸结合、张弛有度才能利于身心健康。,外出时要注意交通安全,劳逸合，松弛度，健康态，身心活,\t1、行走不宜过急，以免忙中出错。\n\t2、注意看红绿灯。,/photo/jiaotongdeng.jpg,主任务2,,,,,,
218,,精神,空虚感,\t劳逸结合，建立健康的生活方式。良好的生活方式是人类身心健康的重要保证。老年人应该做到劳逸结合、张弛有度才能利于身心健康。,家具要适用,劳逸合，松弛度，健康态，身心活,\t1、家有年老体弱的老年人各种家具在保持适用的同时，要充分考虑到老人的安全性。\n\t2、如坐椅要结实牢固有靠背或扶手，高低适宜，接触地面要稳固；\n\t3、床具最好是硬板床、铺厚褥为宜，高矮要合适，便于上下；\n\t4、地面要平坦不打滑；\n\t5、门坎不宜过高等。,/photo/keting.jpg,主任务1,,,,,,
219,,精神,空虚感,\t劳逸结合，建立健康的生活方式。良好的生活方式是人类身心健康的重要保证。老年人应该做到劳逸结合、张弛有度才能利于身心健康。,防摔倒,劳逸合，松弛度，健康态，身心活,\t尽量不穿塑料底和高跟鞋以防滑倒。,/photo/gaogenxie.jpg,洗漱更衣,,,,,,
220,,精神,空虚感,\t劳逸结合，建立健康的生活方式。良好的生活方式是人类身心健康的重要保证。老年人应该做到劳逸结合、张弛有度才能利于身心健康。,注意消防安全,劳逸合，松弛度，健康态，身心活,\t睡前不吸烟，必须保证不躺着吸烟，以防火灾。,/photo/jieyan.jpg,睡前,,,,,,
221,,精神,空虚感,\t劳逸结合，建立健康的生活方式。良好的生活方式是人类身心健康的重要保证。老年人应该做到劳逸结合、张弛有度才能利于身心健康。,做家务要缓,劳逸合，松弛度，健康态，身心活,\t做家务劳动时，动作要舒缓，不急躁，要防止烫伤。,/photo/jiawu.jpg,主任务1,,,,,,
222,,精神,空虚感,\t劳逸结合，建立健康的生活方式。良好的生活方式是人类身心健康的重要保证。老年人应该做到劳逸结合、张弛有度才能利于身心健康。,防骨折,劳逸合，松弛度，健康态，身心活,\t尽量减少爬高就低。,/photo/pagao.JPEG,主任务2,,,,,,
223,,精神,焦虑感,\t劳逸结合，建立健康的生活方式。良好的生活方式是人类身心健康的重要保证。老年人应该做到劳逸结合、张弛有度才能利于身心健康。,睡午觉,劳逸合，松弛度，健康态，身心活,\t午睡时间控制在30分钟左右，老年人午休时间可以适当延长。,/photo/wuxiu.jpg,午睡,午睡,,,,,
224,,精神,焦虑感,\t休息时间比较充足，人的精神心理才能更为的平稳和精神，头脑也才会更为清醒，出现焦虑不安的时候也能更好地进行控制缓解。,充足睡眠,睡眠足，精神稳，头脑醒，易控制,\t晚上11点之前必须上床睡觉，最晚不得超过12点。,/photo/zuoxiguilv.jpg,睡前,睡前,睡前,睡前,睡前,睡前,睡前
225,,精神,焦虑感,"\t缺乏锻炼引起的肢体紧张,也会导致心理上的紧张。",坚持锻炼,缺锻炼，肢体僵，心焦急，意紧张,\t如果你没有时间去体育馆锻炼的话，每天至少抽出30分钟来散散步。,/photo/jianchiduanlian.png,主任务2,主任务2,主任务2,主任务2,主任务2,主任务2,主任务2
226,,精神,焦虑感,\t暗淡的光线容易使人精神萎靡不振，情绪波动大。,家中的光线一定要亮,暗淡光，易萎靡，暗开灯，保采光,\t如果房屋的采光条件不好，即使在白天也要把电灯打开。,/photo/diandeng.jpg,主任务1,主任务1,主任务1,主任务1,主任务1,主任务1,主任务1
227,,精神,焦虑感,\t洗澡能解乏，消除忧愁。,洗澡,常沐浴，能解乏，消忧愁，益健康,\t根据自己的身体情况，选择合适的洗澡频率。,/photo/xizao1.jpg,睡前,睡前,睡前,睡前,睡前,睡前,睡前
228,,精神,焦虑感,\t药物和酒精可能会加重抑郁及焦虑，要寻求健康的宣泄方式。,少喝酒，少用镇静剂,少喝酒，少用药，常宣泄，更健康,\t把家里的酒藏在看不见的地方，或者干脆不要再买酒了。镇静剂更不要买。,/photo/jiuzhenjingji.png,主任务2,主任务2,主任务2,主任务2,主任务2,主任务2,主任务2
229,,精神,抑郁感,\t饮水可以使机体及时排除体内的毒素，防止毒素对大脑的侵害。,多饮水,多饮水，排毒素，足够量，护大脑,\t每天保证摄入足够量的水。,/photo/shui.jpg,主任务1,主任务1,主任务1,主任务1,主任务1,主任务1,主任务1
230,,精神,抑郁感,\t适当地提高室内温度湿度，可以有效地改善冬季产生的生理和心理变化，既可以驱除抑郁感，也可以防止因血管收缩造成的脑部缺氧。,冬季注意取暖,提室温，增湿度，驱抑郁，防缺氧,\t在南方没有暖气的地方，可以使用取暖器或电暖气等维持室内温度。,/photo/nuanqi.jpg,主任务2,主任务2,主任务2,主任务2,主任务2,主任务2,主任务2
231,,精神,抑郁感,\t色彩转换可以改善因色调引起的抑郁情绪，打乱习惯的色调模式，形成季节错位，从而改善情绪。,色彩调节,色彩换，调情绪，防抑郁，改心情,\t可以在墙上悬挂色彩缤纷的画。选用暖色调的墙纸，在家中种植常绿植物等。,/photo/lvzhi.jpg,主任务1,主任务1,主任务1,主任务1,主任务1,主任务1,主任务1
232,,精神,抑郁感,\t香薰可以调节心理。,闻香去抑郁,闻香味，去抑郁，用香薰，或涂抹,\t宜选用暖香型的香薰，如水果香或花香，不宜使用木香和动物香。可用香薰法或涂抹法。,/photo/xiangxun.jpg,主任务2,主任务2,主任务2,主任务2,主任务2,主任务2,主任务2
233,,精神,抑郁感,\t每天照射一定量明亮的太阳光或明亮的人工光线，可以减少抑郁感。人在这种光线充足的条件下进行活动，可调动情绪，增强兴奋性、减轻或消除抑郁感。,加强日照和光照,晒太阳，补钙质，防抑郁，提兴趣,\t阴雨天或早晚无阳光时，尽量打开家中或办公室中的全部照明装置，使屋内光明敞亮。,/photo/keting.jpg,主任务1,主任务1,主任务1,主任务1,主任务1,主任务1,主任务1
234,,精神,抑郁感,\t色彩转换可以改善因色调引起的抑郁情绪，打乱习惯的色调模式，形成季节错位，从而改善情绪。,穿着选择明亮的颜色,色彩换，调情绪，防抑郁，改心情,\t衣着可选择如红色、黄色等。,/photo/hongseyifu.jpg,洗漱更衣,洗漱更衣,洗漱更衣,洗漱更衣,洗漱更衣,洗漱更衣,洗漱更衣
235,,精神,衰老感,\t劳逸结合，建立健康的生活方式。良好的生活方式是人类身心健康的重要保证。老年人应该做到劳逸结合、张弛有度才能利于身心健康。,忌说话快速,劳逸合，松弛度，健康态，身心活,\t老年人说话莫要高声大嗓、频率过快。应保持稳定的情绪，否则易使血压升高，也会加重心脏的负担。,/photo/,主任务1,,,,,,
236,,精神,衰老感,\t劳逸结合，建立健康的生活方式。良好的生活方式是人类身心健康的重要保证。老年人应该做到劳逸结合、张弛有度才能利于身心健康。,忌吃饭过快,劳逸合，松弛度，健康态，身心活,\t食物需细嚼才能有助消化，饭吃得急，还易噎着。,/photo/jujue.jpg,主任务1,,,,,,
237,,精神,衰老感,\t劳逸结合，建立健康的生活方式。良好的生活方式是人类身心健康的重要保证。老年人应该做到劳逸结合、张弛有度才能利于身心健康。,忌站着穿裤,劳逸合，松弛度，健康态，身心活,\t老人站着穿裤，这很危险。因老人骨质已疏松，一旦站不稳摔倒了，后果很糟。,/photo/laoren.jpg,洗漱更衣,,,,,,
238,,精神,衰老感,\t劳逸结合，建立健康的生活方式。良好的生活方式是人类身心健康的重要保证。老年人应该做到劳逸结合、张弛有度才能利于身心健康。,忌用力排便,劳逸合，松弛度，健康态，身心活,\t应按时排便，排便不顺时，应借助药物，不能硬排便。因人在排便时血压易升高，过分用力，会晕倒休克以至脑溢血，甚至还有生命危险,/photo/dingshipaibian.jpg,如厕,,,,,,
239,,精神,衰老感,\t劳逸结合，建立健康的生活方式。良好的生活方式是人类身心健康的重要保证。老年人应该做到劳逸结合、张弛有度才能利于身心健康。,忌过分仰脖,劳逸合，松弛度，健康态，身心活,\t老人往往乐意坐沙发上看电视、与人交谈，时间一长易压迫颈部动脉使血流不畅，易感到头晕、恶心，甚至得半身不遂。,/photo/yangbo.png,主任务2,,,,,,
240,,精神,衰老感,\t劳逸结合，建立健康的生活方式。良好的生活方式是人类身心健康的重要保证。老年人应该做到劳逸结合、张弛有度才能利于身心健康。,起居动作要轻缓,劳逸合，松弛度，健康态，身心活,\t1、起床、下床时要由卧而坐，停一会儿，再由坐而立，起步动作要慢\n\t2、久坐后，应在原地站立一下再走；由蹲位到站立时，更应缓慢并站一会儿再走，不能站起来马上就走。尽量少做低头弯腰的动作。\n\t3、不宜长时间站立，更换衣服或穿脱鞋袜时最好取坐位，必须保证不单腿站立。,/photo/qichuangyaohuan.jpg,主任务1,,,,,,
