序号,人群,部位,自修项目,方法分类,方法名称,原料,制作方法,使用方法,
1,,整体,减肥塑形,药用奇方,茉莉花茶,茉莉花10克，玫瑰花10克，荷叶10克，草决明10克，枳壳10克，泽兰12克，泽泻12克，桑葚15克，补骨脂15克，何首乌15克。,上药用水煎。,\t每日1剂，每剂分2次代茶饮。,
2,,整体,减肥塑形,食疗药膳,黑木耳,黑木耳15-30克。,将黑木耳洗净，炖汤服，不加糖。,\t随意饮用。,
3,,整体,减肥塑形,食疗药膳,蜂蜜黄瓜汁,黄瓜200克，冬瓜200克，山揸50克，新橘皮30克，蜂蜜适量。,将黄瓜、冬瓜（去皮瓤）、山揸（去核）、橘皮洗净切成长块，用榨汁机榨取原汁，加入蜂蜜调匀。,\t每日1剂，当饮料饮用。,
4,,整体,减肥塑形,药用奇方,何首乌,何首乌10克，泽泻10克，丹参10克，绿茶10克。,将上4味加水煎，取汁。,\t每日1剂，代茶饮。,
5,,整体,减肥塑形,药用奇方,健美茶,山楂，厚朴，陈皮，枳实，六神曲，火麻仁。,每次10克，水煎代茶或开水冲泡饮服。,\t随意饮用。,
6,,整体,减肥塑形,药用奇方,健美茶（减肥）,普洱茶，乌龙茶，莱菔子，茯苓等。,每次1小袋，放入杯内开水冲泡，2-3分钟即可饮用。,\t每日饮用2袋。,
7,,整体,减肥塑形,食疗药膳,减脂茶,绿茶，山楂，荷叶等。,每次10克，开水冲泡或水煎代茶饮用。,\t每日2-3次。,
8,,整体,减肥塑形,食疗药膳,三花减肥茶,荷叶，番泻叶，玫瑰花，玳玳花，茉莉花，牵牛子。,每次10克，开水泡饮。,\t每日3次。,
9,,整体,减肥塑形,食疗药膳,减肥健身茶,决明子，山楂。,每次1包，开水冲泡。,\t每日3次。,
10,,整体,减肥塑形,食疗药膳,姬宝减肥茶,茶叶，盐百乐，南山楂，小豆花，茯苓，赤小豆。,用热开水冲饮，每次1小袋。,\t每日1-3次。,
11,,整体,减肥塑形,食疗药膳,宁红保健茶,上等宁红茶、决明子、山楂、山药等。,保健茶每日1小包；治疗每日2-4小包，开水冲泡，多次饮用。,\t随意饮用。,
12,,整体,减肥塑形,食疗药膳,荷叶灰饮,荷叶适量。,烧存性，研末，每次服6克，米饮调下。,\t每日3次。,
13,,整体,减肥塑形,食疗药膳,冬瓜羹,冬瓜。,作羹作腌菜。,\t经常食用。,
14,,整体,减肥塑形,食疗药膳,问荆茶,问荆，荷叶。,每次3克，开水冲泡代茶饮用。,\t随意饮用。,
15,,整体,增高,按摩疗法,自我按摩,,,\t1.干沐浴。只穿内衣，按摩全身。\n\t2.湿毛巾擦2分钟。\n\t3.捋、擀、拿、推。从四肢根部向末端推拿。,
16,,整体,增高,按摩疗法,极向按摩,,,\t睡觉前几分钟，肚脐是黄金点，是重要的通道和标志，分上下阴阳，上身向上按摩，下身向下按摩，10~20次。,
17,,整体,增高,气功疗法,混元潜能按摩,,,\t运用手法在人体皮、肉、筋、脉、骨自如的产生松紧、收放、开合的传导，放松肉体、血管，打开毛细血管及微循环。一般的体育运动只打开几百条微循环，普通按摩打开约一千条，高级的上万条，深度气功入定则可打开数万条至十万条微循环。与此同时，时刻感知病人内在气血、信息和身体的变化，随时调整自己的手法、能量强弱，及调动的方向，加速病人体内空间的能量重新组合新生、旺盛、健康。,
18,,整体,增高,气功疗法,点穴按摩,,,\t\t1. 准备：患者取俯卧式，腰带解开，闭目，全身放松。\n\t2. 取穴：百会、风池、率谷、大椎、身柱、神道、至阳、命门、腰俞、承扶、委中、承筋、昆仑、涌泉等穴。\n\t3. 手法：点按法、振颤法等。\n\t4. 患者取仰卧式，闭目，全身放松。\n\t5. 取穴：上星、天突、华盖、膻中、神阙、膝眼、足三里、悬钟、解溪、照海、侠溪等穴。\n\t6. 手法：点按法、振颤法等。,
23,,五官,眼睛浮肿,食疗药膳,粳米粥,葱白10克，鲜车前菜60克，粳米60克，瘦肉30克。,将车前菜洗净，沥干水分，切成小段，与葱白一起水煎后过滤除渣取汁。将瘦肉洗净，剁成细末，与粳米、药汁一起放入锅内，先用大火煮沸后，改用小火煮成稀粥。忌用精盐。,\t每日1剂，每日早、晚各服1次，连续服用3-5天。,
24,,五官,眼睛浮肿,外用偏方,脱脂牛奶敷眼睛,化妆棉、脱脂牛乳各适量。,用化妆棉在冷的脱脂牛乳中，然后拿出放在眼皮上。,\t每日2次，每次10分钟。,
25,,五官,眼睛浮肿,外用偏方,鲜芝麻汁,鲜芝麻适量。,将芝麻捣烂并绞取油汁。,\t每晚临睡前用棉签蘸芝麻油涂于眼睑上。,
26,,五官,眼球晦暗,食疗药膳,枸杞菊花茶,枸杞15克，菊花10克。,以上2味煎汤。,\t代茶饮，长期饮用。,
27,,五官,眼球晦暗,食疗药膳,枸杞子,杞子250克。,将枸杞子焙干，研成细末。,\t每晚服用9克，温开水送服。,
28,,五官,迎风流泪,食疗药膳,桑葚西红柿,桑葚子20克，西红柿1个。,将以上2味一同捣烂。,\t一次吃完，每日食用2次。,
29,,五官,眼袋,食疗药膳,胡萝卜汁,胡萝卜250克，甜橙1个，蜂蜜适量。,将胡萝卜洗净切成小块，甜橙洗净对半剖开，分别用榨汁机榨取原汁，加入蜂蜜调成饮料，每日1剂。,\t空腹当茶喝。,
30,,五官,眼袋,外用偏方,柿子外敷,新鲜柿子1个。,将柿子洗净拭干，剥下柿皮.,\t敷贴双眼眼睑上，敷30分钟去除。每日1-2次。,
31,,五官,眼袋,外用偏方,苹果外敷,苹果适量。,将苹果洗净切片。苹果含汁量越高越好。,\t敷上眼15分钟后用水洗净。,
32,,五官,眼袋,外用偏方,茶叶外敷,袋装茶叶1包。,将茶包泡过后压去茶汁。,\t茶叶袋外敷患处。,
33,,五官,眼袋,外用偏方,马铃薯外敷,马铃薯（长芽的不可使用）适量。,将马铃薯去皮洗净，切成约2厘米的厚片。,\t外敷眼部5分钟后，用清水洗净。,
34,,五官,黑眼圈,食疗药膳,胡萝卜汁,胡萝卜250克，甜橙1个，蜂蜜适量。,将胡萝卜洗净切成小块，甜橙洗净对半剖开，分别用榨汁机榨取原汁，加入蜂蜜调成饮料，每日1剂。,\t空腹当茶喝。,
35,,五官,黑眼圈,外用偏方,柿子外敷,新鲜柿子1个。,将柿子洗净拭干，剥下柿皮.,\t敷贴双眼眼睑上，敷30分钟去除。每日1-2次。,
36,,五官,黑眼圈,外用偏方,苹果外敷,苹果适量。,将苹果洗净切片。苹果含汁量越高越好。,\t敷上眼15分钟后用水洗净。,
37,,五官,黑眼圈,外用偏方,茶叶外敷,袋装茶叶1包。,将茶包泡过后压去茶汁。,\t茶叶袋外敷患处。,
38,,五官,黑眼圈,外用偏方,马铃薯外敷,马铃薯（长芽的不可使用）适量。,将马铃薯去皮洗净，切成约2厘米的厚片。,\t外敷眼部5分钟后，用清水洗净。,
39,,五官,睫毛短且稀疏,外用偏方,眼睫毛增长剂,芝麻油适量。,取新压制芝麻油。,\t每夜将眼睫毛涂上芝麻油。,
40,,五官,口臭,食疗药膳,橘皮水,橘皮30克。,将橘皮洗净，切成细丝，用水煎煮当茶饮。,\t每日1剂，饮用数次。,
41,,五官,口臭,食疗药膳,芦根饮,鲜芦根100-120克，冰糖30-50克。,将芦根洗净，切成小段，放入碗内，加入冰糖和少许水，隔水炖煮后，过滤去渣留汁当茶饮。,\t每日饮数次。,
42,,五官,口臭,外用偏方,莴苣菜,莴苣菜适量。,将莴苣菜洗净后，用淡盐水浸泡一下。,\t取莴苣菜生嚼，每日数次。,
43,,五官,口臭,食疗药膳,柚子,柚子1个。,,\t将柚子去皮剥瓣，食用柚子肉。,
44,,五官,口臭,外用偏方,茶叶,茶叶少许。,,\t将茶叶放入口中嚼烂，含3-5分钟后吐掉，每日2-3次。,
45,,五官,牙齿黑黄,外用偏方,醋去牙垢,食醋适量。,,\t含半口食醋，在口里蠕动二三分钟，然后吐出，再用牙刷刷洗，最后用清水洗。,
46,,五官,牙齿黑黄,起居指导,醋去牙垢法,食醋适量。,,\t含半口食醋，在口里蠕动二三分钟，然后吐出，再用牙刷刷洗，最后用清水洗。,
47,,五官,牙齿黑黄,起居指导,食盐苏打洁齿,食盐、苏打各等量。,上物加水调成糊状。,\t每日刷牙1～2次。,
48,,五官,牙齿黑黄,外用偏方,除垢白牙方,红糖适量，食盐、食碱各30克。,用500毫升清水掺食盐、食碱各30克，配制好盐碱水，备用。,\t取适量红糖放在嘴里含10多分钟，使全口牙齿都浸在糖液中，再取比较硬实的牙刷，反复刷2～3分钟后漱口。然后再用配制好的碱水，刷牙1～2分钟。,
49,,五官,牙齿黑黄,起居指导,仙方地黄散,皂角60克，干姜60克，升麻60克，槐角子60克，生地60克，木律60克，细辛60克，旱莲草60克，白芷60克，荷叶60克，青盐（另研）30克。,上药剉碎，用锅子内烧，有青烟，存性为度，用纱罗重罗，另研青盐末和匀，同入药内。,\t每用少许刷牙，合口少时，有涎即吐，然后用温水漱口，早晨及临卧用。,
50,,五官,牙齿黑黄,外用偏方,常使齿药玉池散,升麻30克，藁本30克，甘松30克，菵草30克，白芷30克，川芎30克，细辛60克，生地(焙)60克，麝香(另研)3克，地骨皮30克，皂角(刮去皮，烧存性)90克，青盐60克。,上药研为细末，再入麝香，搅拌均匀。,\t每日早晚搽牙，如常使用。,
51,,五官,牙齿黑黄,起居指导,御前白牙散,石膏120克，香附30克，白芷22克，甘松12克，山奈12克，藿香12克，沉香12克，川芎12克，零陵香12克，细辛1.5克，防风1.5克。,石膏另研末，其余药共研为细粉，共调匀。,\t刷牙用。,
52,,五官,牙齿松动,起居指导,药用漱口水,生大黄30克，熟大黄30克，生石膏30克，熟石膏30克，骨碎补30克，杜仲30克，青盐30克，食盐30克，明矾15克，枯矾15克，当归15克。,上药研为细末。,\t每日早起以此散搽牙根，然后净面，净毕用冷水漱口。,
53,,五官,牙齿松动,药用奇方,地黄酒酥,地黄（切碎、捣取汁）适量，杏仁麻子仁(约为地黄量的1/10)、神曲末(地黄量的1/30)。,地黄汁浸麻子仁末，研取汁，再与杏仁末研，取汁和浸神曲末7日，煮沸。用米适量，以药汁和（食贲）酿酒，密封21日，酥在酒上，其色如金。如酥，另取酒封之。,\t先服食酒糟，糟尽食酥及酒，酥一匙，酒适量。,
54,,五官,牙齿松动,食疗药膳,固齿防酸方,胡桃肉适量。,,\t食之。,
55,,五官,牙齿松动,起居指导,劳牙散刷牙,乌头30克，皂角(去皮、子)30克，生地黄30克。,上药同研为粗末，用生姜自然汁揉合成丸子如鸡蛋大。用槐枝生火，放此丸药在火中烧，待烧至烟尽而透，将丸子取出放干净地上用碗盖1夜，次日将丸药研为极细末。另以细辛(研末)、青盐各9克，胆矾末、白矾末各6克，合同前丸药末研同研备用。,\t每用时以牙刷蘸药少许，加水刷牙，1日3次。,
56,,五官,牙齿松动,药用奇方,五老还童丸,山药200克，牛膝(酒浸)200克，远志(去心)200克，山萸肉200克，茯苓(去皮)200克，五倍子200克，巴戟(去心)200克，肉苁蓉(酒浸，焙)200克，楮实200克，杜仲(去粗皮，姜汁和酒炙)200克，炒小茴香150克，枸杞150克，石菖蒲150克，熟地250克。,上为细粉，炼蜜为丸，如梧桐子大。,\t每服30-70丸，空腹温酒或淡盐汤送下，1日3次。,
57,,五官,牙齿松动,药用奇方,清胃汤,炒山栀5克，连翘(去心)5克，牡丹皮5克，黄芩5克，石膏2匙，生地(酒洗)1.5克，炒黄连1.5克，升麻3.5克，炒白芍3.5克，桔梗3.5克，藿香2.5克，甘草l克。,水煎。,\t饭后服用,
58,,五官,牙齿松动,药用奇方,滋阴清胃固齿丸,山药末50克，牡丹皮末50克，黄柏(酒炒为末)100克，黄连(酒炒为末)50克，升麻100克，当归末(酒洗)50克，元参末50克，干葛根末50克。,右用知母50克，山楂肉100克，煎滤汤去渣，净汁煮葛粉为糊，又用籼米一盏研烂，和葛粉同又研匀，调以上八味末为丸，如绿豆大，以水巨过，殊砂为衣，晒干。,\t每服15克，食后白汤送下。,
59,,五官,牙齿松动,起居指导,固齿延寿膏,珍珠(豆腐1块将珍珠纳其中)，桑柴火煮(炷香时间)25克，雄鼠骨(面作饼包，盐泥复包阴干，炭火烧红取骨)25克，龙骨25克，阳起石25克，象牙25克，鹿角霜25克，秋石10克，沉香10克，广木香12.5克，南川芎5克，怀熟地黄5克，白芍药5克，当归5克，乳香5克，没药5克，青盐7.5克，白芷2.5克，皂角2.5克，破故纸(炒香)1.5克，细辛1.5克。,上药除白蜡外，研末。白蜡化开，下药l份搅匀，以呈文纸将药散在纸上，以手擦药末，使纸上各处粘薄药末，以刀切条。,\t临卧贴于牙上，次早取出。,
60,,五官,牙齿松动,起居指导,太和散,胡同律9克，生地9克，白茯苓9克，细辛9克，川芎9克，升麻9克，白芷9克，麝香1.5克，青盐3克，皂角（烧存性）6克。,上药研为细末，青盐、麝香另研，搅拌均匀。,\t每次用药少许，以指蘸药搽牙病处。,
61,,五官,牙齿松动,外用偏方,五灵膏,五灵脂15克，松脂30克，黄蜡30克，黄丹0.3克，蟾酥0.5克。,上药同于瓷器中，以慢火熬成膏，摊于白熟绢上，冷后剪成小片。,\t每夜贴于牙龈上，有津即吐，误咽无妨。此药临卧时用一次，于恶硬物的牙根儿下里外贴之，亦不甚闷，若是牙儿坚固，自然得力，不恶硬物也。,
62,,五官,牙齿松动,外用偏方,牙疳散,人中白9克，儿茶9克，胡黄连9克，青黛6克，黄柏6克，芦荟3克，硼砂3克，冰片1.5克。,上药共研细末。,\t每次用药少许搽于患处，俟口内有涎水吐出，每日上药2-3次，自愈。,
63,,五官,牙齿松动,外用偏方,草乌头散,草乌头（炒，令黑紫色）30克，细辛3克。,上药延为细末。,\t每次用少许搽牙病处，后用手左右摇动，每日用3-5次，有津即吐，误咽无妨。,
64,,五官,牙齿松动,外用偏方,柳枝汤,柳枝(一握)，地骨皮30克，防风(去芦头)30克，生地黄30克，杏仁(汤浸，去皮尖)30克，蔓荆子30克，细辛30克，青盐15克。,上药研为粗末，每次用药30克，酒、水各一盏，煎至一盏去滓。,\t热漱冷吐，不拘时候。,
65,,五官,牙齿松动,外用偏方,莽草散,莽草180克，生姜180克，柳枝皮(取白)180克，牛膝(去苗)180克，胡蒜子180克，干地黄180克，菟丝子180克，没食子180克，桐子漆180克，猪牙皂角180克。,上药各剉如麻豆大，入藏瓶，盐泥固，火煅一日后，入地一尺二寸深埋，三伏时取出，露三夜，不得见日气，研罗为细散。,\t每次用手指蘸药于牙上旋搽。,
66,,五官,牙齿松动,药用奇方,生地黄,生地黄。,用绵裹生地黄。,\t口含。微嚼，味尽之后换一片继续口含。,
67,,五官,牙齿松动,起居指导,金主牙药,胆矾30克，金丝矾30克，滑石30克，砂仁9克，川芎9克，茶叶9克。,前3味药各研成细粉，后3味药共研成细粉，再将6味药和匀，装入瓶内密封备用。,\t每日早晚刷牙用。,
68,,五官,酒渣鼻,食疗药膳,冬瓜子仁散,冬瓜子仁（微炒）、柏子仁、茯苓、冬葵子（微炒）、枳实（麸炒微黄）各30克，栀子仁60克。,上药捣细筛为散。,\t每于食后，以粥饮调下6克。,
69,,五官,酒渣鼻,药用奇方,疗酒渣鼻奇方,枇杷叶、山栀仁、黄芩各60克，连翘120克。,上药为末，水糊丸，梧子大。,\t每服1.5克，白汤送下或作汤兼用之益妙。至头自觉冷，佳兆也。,
70,,五官,酒渣鼻,药用奇方,酒渣鼻即愈方,当归、苦参各120克。,上药为末，酒糊为丸，梧子大。,\t饭后热茶吞入10丸。,
71,,五官,酒渣鼻,食疗药膳,茶饮,凌霄花、山栀子。,等分上药为末。,\t茶调服，每服6克，日二服。,
72,,头发,发质干枯,药用奇方,乌须黑发药酒,当归30克，枸杞30克，生地30克，人参30克，莲心30克，五加皮15克，黑豆300粒，桑椹子30克，槐角子8克，何首乌30克（同黑豆九蒸九晒），旱莲草23克，没食子1/4对。,上述药材装入纱布袋内，与上好五加皮酒4000克共同放入坛中，密封，3周后即可饮用。把药取出晒干晾成末，加蜂蜜制成要玩，每丸10克。,\t每早晚用此药酒2盅送服药丸1丸。,
73,,头发,发质干枯,起居指导,南瓜籽油养发剂,南瓜籽油1份。,上味掺入普通头油9份。,\t用以梳头。,
74,,头发,发质干枯,起居指导,柠檬美发方,柠檬汁、白醋。,在清水中滴入柠檬汁数滴，白醋半匙。,\t洗头后用以漂洗头发，宜常用。,
75,,头发,发质干枯,起居指导,蛋白养发方,鸡蛋白半个（熟），硼酸适量。,上2味充分搅匀，洗发后当作护发素并配以适度按摩。,\t每周2次，宜常用。,
76,,头发,发质干枯,起居指导,一味木瓜油,木瓜500克。,上药之木瓜以麻油浸1月。,\t取油梳头。,
77,,头发,发质干枯,起居指导,合欢香波液,合欢花30克。,上药加水煎煮取汁液。,\t洗发宜常用。,
78,,头发,发质干枯,起居指导,玫瑰花浸油,玫瑰花适量，头油。,将玫瑰花浸头油中一周。,\t擦涂头发，1日2次。,
79,,头发,发质干枯,起居指导,民间染发剂,菱叶1把。,将菱叶洗净煎汤去渣。,\t用汤洗发。,
80,,头发,发质干枯,起居指导,米泔除垢法,米泔1盆。,取淘米时第2次淘米水。,\t用淘米水洗头，沐后再以温水清洗1遍。,
81,,头发,发质干枯,起居指导,茶水洗发液,隔夜茶、食盐少许。,将隔夜茶及食盐加入温水中搅匀,\t用茶水洗头，每周一次。,
82,,头发,发质干枯,起居指导,柠檬润丝精,新鲜柠檬半个，白开水一杯。,榨取新鲜柠檬汁液，加入白开水中摇和均匀备用。,\t每次洗发后，复以柠檬汁洗发，充分揉匀后将头发包起，15分钟后以清水洗净。,
83,,头发,发质干枯,食疗药膳,猪油姜酒煎,猪油、生姜各30克，黄酒60克。,生姜先煎取浓汁入猪油、黄酒文火煎沸约1小碗。,\t每次服用1/3碗,
84,,头发,发质干枯,起居指导,青木香外用,青木香0.3克，白芷0.3克，零陵香0.3克，甘松香0.3克，泽兰0.3克。,上药用绵裹酒渍再宿，内油里煎再宿，加腊泽斟量硬软，即火煎，着少许胡粉，烟脂汔，又缓火煎，令粘极，去渣作梃。,\t饰发。,
85,,头发,发质干枯,外用偏方,干洗头香白芷散,香白芷100克，王不留行100克。,为细末。,\t用干掺头发内，微用力擦去垢腻后，用篦子刮去药末。,
86,,头发,白发,食疗药膳,地黄酒,"肥地黄500克(捣碎)，糯米3750克(熟炊)，面曲2000克(捣碎)。
",将以上三种食材混合捣熟，放到瓮中密封，春夏季密封21天，秋冬季密封35天。到期后将瓮中的汁液倒出来即可饮用。,\t随意饮用。,
87,,头发,白发,药用奇方,百岁酒,"蜜炙黄芪60克，茯神60克，当归36克，熟地36克，生地36克，党参30克，麦冬30克，茯苓30克，白术30克，刺皮30克，川芎30克，炙龟板30克，防风30克，枸杞子30克，广陈皮30克，肉桂18克，五味子24克，羌活24克，红枣1000克，冰糖1000克。
",将以上药材一起研磨成粗末，红枣去核，浸入高粱酒中，以酒没过药材刚好，浸泡半个月后即可饮用。,\t20ml/次，2次/日,
88,,头发,白发,药用奇方,春寿酒,天门冬、麦门冬、熟地、生地、山药、莲肉、红枣各等分。,上述药浸泡谷酒中。,\t每日服一次，每次服30克。,
89,,头发,白发,药用奇方,黄精酒,黄精、白术各400克、天门冬300克，松叶600克，枸杞根300克。,上述药材研磨成细末，加入20公升水，煮至7公升，浸曲1千克，炊米7千克，酿酒，酿好后即可饮用。,\t随意饮用。,
90,,头发,白发,药用奇方,菖蒲酒,九节菖蒲（生捣绞汁）10000毫升，糯米100千克（炊饭），细曲2500克。,上述药材搅拌均匀，放入磁坛中，密封盖盖，21日后可开坛。,\t温服，每天三次,
91,,头发,白发,药用奇方,乌须黑发药酒,当归30克，枸杞30克，生地30克，人参30克，莲心30克，五加皮15克，黑豆300粒，桑椹子30克，槐角子8克，何首乌30克（同黑豆九蒸九晒），旱莲草23克，没食子1/4对。,上述药材装入纱布袋内，与上好五加皮酒4000克共同放入坛中，密封，3周后即可饮用。把药取出晒干晾成末，加蜂蜜制成要玩，每丸10克。,\t每早晚用此药酒2盅送服药丸1丸。,
92,,头发,白发,药用奇方,造酒乌须方,怀生地黄200克，大当归100克，小红枣肉150克，赤白首乌各500克（煮水制过），生姜汁200克，麦门冬50克（去心），胡桃肉150克，甘枸杞100克，莲肉150克，土蜜150克，糯米10000克。,用酒洗净地黄，将何首乌水洗去渣，和地黄一起煮，再用姜汁浸，以干为度，便将地黄捣烂，用10000毫升糯米加水做酒，余药如常，俟酒浆出，方以水调匀地黄，放到酒槽中，3天后，去糟，将前药切片入绢袋中，悬酒罈内，笋壳包封，勿令出气，放锅内，煮三柱香为度，后以酒罈埋土中三宿，去火毒。,\t任意饮三五杯。,
93,,头发,白发,药用奇方,五加酒方,五加皮、酒各适量。,五加皮夏用茎叶，冬用根皮，切细，装入袋中，用酒适量浸之，春秋7日，冬10日，去渣温服。,\t适量饮用，勿醉。,
94,,头发,白发,药用奇方,何首乌酒,赤白何首乌（大者，竹刀去皮）各90克，赤白茯苓各90克。,上不犯铁器，石臼内捣碎，绢袋盛之浸老酒内（酒约15000克），封固，蒸半小时，过百日饮之。,\t随意饮用。,
95,,头发,白发,药用奇方,白术酒,白术15000克（去黑皮）。,上药洗净捣碎，以东流水300升渍30日，压漉去渣，以汁在器中盛，浸曲如家酿造酒。,\t随意饮用。,
96,,头发,白发,药用奇方,地黄酒酥神方,地黄汁30000毫升，麻子1000克，杏仁1000克（去皮尖），曲米3000克，米30000克。,麻子捣末，以地黄汁研取汁，杏仁捣末加以曲米浸入地黄汁中浸七日。以米分作三次投下。及阅三日一投。如酿酒法，熟后密封三七日，其酥在酒中色黄如金，以物接取，然后取酒封之。,\t先食糟，糟尽服酒及酥，每服酒100毫升，酥一匙，乘温服之。,
97,,头发,白发,药用奇方,羊肾酒,生羊肾1对，沙苑蒺藜、桂圆肉、淫羊藿、仙茅（糯米汁泡去赤汁），薏仁各200克，花烧酒适量。,上药以酒浸7日。,\t随意饮用。,
98,,头发,白发,药用奇方,固本酒,生地、熟地、白茯苓（去皮）各100克，天冬、麦冬、人参各50克。,上药好黄酒浸3日，文武火煮1～2时。,\t空腹服3～5杯,
99,,头发,白发,药用奇方,首乌人参酒,何首乌20克，当归15克，人参10克，白酒500克。,浸泡半月，每饮25克。,\t2次/日,
100,,头发,白发,药用奇方,首乌酒剂,制首乌、熟地各30克，当归15克，白酒1000毫升。,浸泡。,\t15～30毫升/日,
101,,头发,白发,药用奇方,五精酒,黄精、白术各2000克，天门冬1500克，松叶3000克，枸杞子2500克。,上药五味，皆生者，纳釜中，以水15公斤煮之一日。去渣，以汁渍如曲酿法，酒熟取清饮之。,\t随意饮用。,
102,,头发,白发,药用奇方,龟板酒,龟板、黄芪各30克，当归40克，生地、茯神、熟地、党参、白术、麦冬、陈皮、山萸肉、枸杞、川芎、防风各15克，五味子、肉桂、羌活各10克。,将上药共研为细末，装入布袋内，浸在白酒里（以淹没布袋为宜），一周后即可饮用。,\t每日2次，每次饮25～50克。,
103,,头发,白发,外用偏方,蜜汁,蜜适量。,,\t剪爪甲搔令毛孔少出血，以蜜涂之。,
104,,头发,白发,外用偏方,换白令黑方,老生姜皮500克。,老生姜皮置于油腻不洁铛中，密盖之，勿令通气。令一精细人，曙色未分，便须缓煎之，尽1日，药成，置于瓷钵中细研。,\t以物点取药，如麻子大，先于白发根下，点药入肉。,
105,,头发,白发,药用奇方,养生酒,当归身、菊花各30克，龙眼肉250克，枸杞子120克，白酒浆3500克，好烧酒1500克。,上药前4味用一绢袋盛之，悬于坛中，再入2酒，封固藏月余。,\t随意饮用。,
106,,头发,白发,食疗药膳,黑发方,早藕。,取早藕食之。,\t随意食用。,
107,,头发,白发,起居指导,南瓜籽油养发剂,南瓜籽油1份。,上味掺入普通头油9份。,\t用以梳头。,
108,,头发,白发,起居指导,柠檬美发方,柠檬汁、白醋。,在清水中滴入柠檬汁数滴，白醋半匙。,\t洗头后用以漂洗头发，宜常用。,
109,,头发,白发,起居指导,蛋白养发方,鸡蛋白半个（熟），硼酸适量。,上2味充分搅匀，洗发后当作护发素并配以适度按摩。,\t每周2次，宜常用。,
110,,头发,白发,起居指导,一味木瓜油,木瓜500克。,上药之木瓜以麻油浸1月。,\t取油梳头。,
111,,头发,白发,起居指导,木槿花洗头脸方,木槿花15克。,将木槿花煎汤去渣待温。,\t常用汤洗头脸。,
112,,头发,白发,起居指导,合欢香波液,合欢花30克。,上药加水煎煮取汁液。,\t洗发宜常用。,
113,,头发,白发,起居指导,玫瑰花浸油,玫瑰花适量，头油。,将玫瑰花浸头油中一周。,\t擦涂头发，1日2次。,
114,,头发,白发,起居指导,民间染发剂,菱叶1把。,将菱叶洗净煎汤去渣。,\t用汤洗发。,
115,,头发,白发,起居指导,染发方,石榴3个，醋3000克，水1500克。,上药共煮千沸即熟。,\t将头发洗净染发。,
116,,头发,白发,起居指导,染髭鬓白令黑发,酸浆、豆各适量。,以酸浆煮豆。,\t以酸浆煮豆洗发。,
117,,头发,白发,外用偏方,治头不白换髭方,老生姜皮1000克。,用刮老生姜皮，于铛中以文武火煎之，不得令过沸。其铛惟得多油腻者尤佳。更不须洗刷，便以姜皮置中，密固济，勿令通气。令一精细人守之。地色未分，便须缓煎之，不得令火急。如其人稍疲，即换人看火，一复时即成。置于瓷钵中，极细研之。,\t先以小物点取，如芝麻大。先于白发下点药，然后拔之，以手指熟捻之，令入肉。,
118,,头发,白发,起居指导,米泔除垢法,米泔1盆。,取淘米时第2次淘米水。,\t用淘米水洗头，沐后再以温水清洗1遍。,
119,,头发,白发,起居指导,茶水洗发液,隔夜茶、食盐少许。,将隔夜茶及食盐加入温水中搅匀,\t用茶水洗头，每周一次。,
120,,头发,白发,起居指导,柠檬润丝精,新鲜柠檬半个，白开水一杯。,榨取新鲜柠檬汁液，加入白开水中摇和均匀备用。,\t每次洗发后，复以柠檬汁洗发，充分揉匀后将头发包起，15分钟后以清水洗净。,
121,,头发,白发,食疗药膳,猪油姜酒煎,猪油、生姜各30克，黄酒60克。,生姜先煎取浓汁入猪油、黄酒文火煎沸约1小碗。,\t每次服用1/3碗,
122,,头发,白发,食疗药膳,黑芝麻粥方,黑芝麻25克，大米50克。,上2味按常法煮粥。,\t随意食用。,
123,,头发,白发,药用奇方,中山还童酒,马蔺子1000克（埋土三日取出），马蔺根1000克（洗，切片，用黄米20000毫升水煮成糜），陈曲2块（为末），酒酵子2碗。,上药共和一处做酒，待熟；另用马蔺子并根1000毫升，用水煮十沸，入酒内三日，每日搅匀去渣。,\t随意饮用。,
124,,头发,白发,药用奇方,乌须发酒,乌饭草及子适量。,净锅慢火熬成膏。,\t每次1匙，1日3次，温酒调服。亦可泡酒饮之。,
125,,头发,白发,食疗药膳,冬青子酒,冬青子1500克，糯米30000克。,上味拌匀蒸熟，以酒粬造酒，去渣煮熟。,\t随意饮5～7杯。,
126,,头发,白发,药用奇方,资生大造丸,人参、生地、枸杞子、菟丝子、五味子、覆盆子、楮实子、炙龟板各30克，鹿角胶、山药、补骨脂、川牛膝、杜仲、山茱萸、肉苁蓉各60克，紫河车l具，茯苓120克。,上药共为末，炼蜜为丸如梧子大。,\t每早服12克，日服2次。开水或盐汤送下。,
127,,头发,白发,外用偏方,五白玉粉散,大灰(即石灰煅红)、草节槐柳条(碎切炒)各75克，生蛤粉60克，铅粉30克，土粉15克，轻粉7.5克。,上药为细末。,\t临卧，先用浆水洗净头发，却用温水或茶水，调药涂头。适量涂髭发上，用荷叶贴住，绵帛拴裹，勿令通风。次早用皂荚水洗。,
128,,头发,白发,食疗药膳,鼓子花散,深色鼓子花500克，白芷、秦椒各250克，肉桂30克，熟干地黄60克。,上为细末，每服15克。,\t晨空腹用粥搅拌服用。,
129,,头发,白发,外用偏方,川椒泡酒外用,川椒120克。,上药用酒浸泡半月，密于室内。,\t每日随意搽发。,
130,,头发,白发,药用奇方,脂桃膏,补骨脂300克(拣净，黄酒浸一夕，蒸熟晒干为末)，胡桃肉600克(温水泡去捣如泥)，蜂蜜500克(白者更佳)。,先将蜂蜜人锅煎一、二滚，以前二味人蜜搅匀，收磁罐内。,\t饭前用酒调或开水200毫升服。,
131,,头发,白发,药用奇方,杞子茅香丸,枸杞子200克，茅香100克，干柿5枚。,上药干柿同茅香煮熟，晒干，枸杞子焙干，共研末，水泛为丸如梧子大。,\t每服50丸，每日3次。以茅香汤送服。,
132,,头发,白发,外用偏方,老姜外用,老姜皮500克。,刮老姜皮，置久用油腻锅中，不须洗刷，封固勿令通气。用细火慢慢加热，勿使姜皮焦黑，5至8小时后取出研为细末。,\t拔白发后，先以小物点麻子大人孔中，或先点发下，然后拔之，以指捻人。,
133,,头发,白发,药用奇方,李八伯杏金丹方,杏仁100千克。,取肥实杏仁100千克，以布袋盛用井花水浸三日。次入甑中，以帛覆之，上铺黄泥土5厘米。炊一日，去泥，取出，又于粟中炊一日，又于小麦中炊一日。压取油5000毫升，澄清，用银瓶一只，打如水瓶样。如无银者用好砂罐为之。人油在内，不得满。又以银园叶可银瓶口大小盖定，销银汁，灌固口缝，人于大釜中，煮七复，时常拔动，看油结。打开取药，人器内，火消成汁，倾出，放冷，其色如金。后人臼中捣之，堪丸如黄米大。,\t早晚空腹以酒或津液送服二十丸。,
134,,头发,白发,食疗药膳,加味苍术膏,苍术5000克，人参、生地、熟地、黄柏、远志、杜仲、川芎、胡桃肉、川椒、破故纸、当归、姜各120克，青盐60克，牛砂30克，旱莲汁500克，白蜜1000毫升。,上药将苍术捣如泥人大锅内，用水6500克，以文武火煮至3000克，两层纱布过滤取汁人瓷罐。余药为末人苍术膏内封固，置人大锅水煮2小时，取出埋入土中7日。,\t每取60-90毫升，空腹以酒或开水送下。每日2次。,
135,,头发,白发,起居指导,青木香外用,青木香0.3克，白芷0.3克，零陵香0.3克，甘松香0.3克，泽兰0.3克。,上药用绵裹酒渍再宿，内油里煎再宿，加腊泽斟量硬软，即火煎，着少许胡粉，烟脂汔，又缓火煎，令粘极，去渣作梃。,\t饰发。,
136,,头发,白发,外用偏方,干洗头香白芷散,香白芷100克，王不留行100克。,为细末。,\t用干掺头发内，微用力擦去垢腻后，用篦子刮去药末。,
137,,头发,脱发,外用偏方,滋发生发露,新鲜大蒜5克（干蒜粉末1克），水300毫升（或无水乙醇100毫升）。,蒜入水搅匀煮沸，浓缩至100毫升，或放入无水乙醇中搅匀，静置24小时过滤，以水稀释100～1000倍。,\t涂发根处。,
138,,头发,脱发,外用偏方,南瓜藤汁外用,南瓜藤取汁。,剪断南瓜藤，以清洁容器取其汁。,\t蘸汁涂发秃处，即生。,
139,,头发,脱发,外用偏方,川椒泡酒外用,川椒120克。,上药用酒浸泡半月，密于室内。,\t每日随意搽发。,
140,,头发,脱发,药用奇方,杞子茅香丸,枸杞子200克，茅香100克，干柿5枚。,上药干柿同茅香煮熟，晒干，枸杞子焙干，共研末，水泛为丸如梧子大。,\t每服50丸，每日3次。以茅香汤送服。,
141,,头发,脱发,药用奇方,熟地枸杞沉香酒,熟地、枸杞各60克，沉香6克，白酒或米酒1000克。,浸泡封盖10天。,\t每次服1小杯，日3次。,
142,,头发,脱发,外用偏方,治发不生方,甜瓜叶适量。,上药杵汁。,\t涂抹。,
143,,头发,脱发,起居指导,广济生发膏外用,莲子草汁600毫升，熊白脂600克，猪髻膏200克，生麻油20毫升，山韭根600克，瓦衣(切)600克。,上7味，以铜器煎之，候膏成去渣收贮。,\t每欲梳头，涂膏。,
144,,头发,脱发,食疗药膳,生发粥,芝麻子2500克。,上味加水榨汁瓶贮。,\t每次取汁半酒杯入米煮粥频食之。,
145,,皮肤,皱纹,外用偏方,苹果蜂蜜方,苹果半个。,取苹果半个捣碎后，加蜂蜜1匙和麦粉少许调成糊膏状。,\t使用时将这种膏状物涂于面部，30分钟后用温水洗净。每周1～2次。,
146,,皮肤,皱纹,食疗药膳,大豆白芨粥,大豆300克，白芨9克，核桃仁9个，大米适量，白糖适量。,将大豆、白芨炒熟碾粉，用开水浸泡核桃仁5分钟后捞出，与浸泡一夜的大米混合碾碎，放在盆中，加水5-6杯，再浸泡后用纱布过滤；滤液倒入煮锅，加水三杯，与大豆白芨粉搅匀，加入白糖，煮成粥状,\t每日食用。,
147,,皮肤,皱纹,外用偏方,瓜蒌粉膏外敷,瓜蒌粉90克，杏仁30克（去皮），猪胰1具。,将上药共研如膏。,\t每晚将皮肤洗净后涂之。,
148,,皮肤,皱纹,外用偏方,防衰面脂,青木香、白附子、川芎、白蜡、香附子、零陵香、白芷各60克，茯苓、甘松香各30克，羊髓750克(炼)。,以上各植物药研成细末，用筛筛过，取极细粉末加水、酒各300毫升浸泡一夜，次晨放入锅内用小火煎至水、酒仅存三分之一后，滤渣取液，调入羊髓和白蜡，趁热合匀，密器保存备用。,\t每早晚洗脸后取少许涂于皮肤。,
149,,皮肤,皱纹,食疗药膳,猪肤膏,猪皮60克，米粉15克，白蜂蜜30克。,新鲜猪皮去净毛，放人砂锅内，文火煨成浓汁后，再下白蜜、米粉熬成膏即成。,\t每服10克，每日3-4次，空腹食之。,
150,,皮肤,皱纹,外用偏方,面脂方,防风45克，川芎45克，白芷45克，白僵蚕45克，土瓜根45克，藁本45克，葳蕤45克，茯苓45克，白蔹45克，细辛45克，瓜蒌仁45克，桃仁（去皮尖）45克，蜀水花45克，当归45克，青木香45克，辛夷45克，鹅脂500克，羊肾500克，猪脂1000克。,将上药切细，用细白布包裹后，放1000毫升酒内浸渍一昼夜，内脂中，急火煎之，三上三下，然后用缓火煎一夜，药成去渣，以寒水石粉15克内脂中，以柳木搅拌均匀贮于容器中。,\t夜晚涂于皮肤，晨洗去。,
151,,皮肤,皱纹,药用奇方,阳春酒,人参、白术、熟地黄各25克，归身、天门冬、枸杞各15克，柏子仁、远志各12克。,上药用绢袋贮，以无灰好酒5斤，磁罐浸至一伏时。,\t每早午晚各饮一杯，热服。,
152,,皮肤,皱纹,药用奇方,八仙酒,当归、牛膝、生地、杜仲、枸杞、五加皮各100克，土茯苓200克。,上药打碎，浸酒30斤。,\t随意饮用。,
153,,皮肤,皱纹,药用奇方,八珍酒,当归（酒洗）、炒白术各150克，川芎、人参各50克，白芍（煨）、白茯苓（去皮）各100克，生地黄（酒洗）、红枣（去核）、核桃仁各200克，炙甘草75克，五加皮（酒洗，晒干）400克，好糯米酒40斤。,诸药咀片，入绢袋内，用酒煮约2炷香时间，埋净土中5日，取出静置约20天。,\t每日早、中、晚温服1～2盏。,
154,,皮肤,皱纹,药用奇方,李冢宰药酒,桃仁、杏仁（去皮尖）各500克，脂麻（去皮炒熟）500克，苍术（去皮）200克，白茯苓、艾（去筋）、薄荷、小茴香各15克，铜钱5文，荆芥50克。,为细末，炼蜜和，烧酒一大坛，入药煮2小时，将药煮散，厚纸封埋土中7日，取出。,\t空腹饮2～3杯。,
155,,皮肤,皱纹,药用奇方,马灌酒,天雄（生用）100克，蜀椒、商陆根、桂心、白蔹、茵芋、干姜、踯躅各50克，乌头1枚，附子120克。,(口父）咀，以绢袋装，盛酒6升浸泡，春夏5日，秋冬7日，去滓。,\t初服10毫升，稍加至40～60毫升；捣滓以散，酒服2克，日3次。,
156,,皮肤,皱纹,药用奇方,壮元酒,生天雄（去皮脐）、白蔹各150克，茵芋50克，炒蜀椒、羊踯躅各100克，生乌头（去皮脐）、生附子（去皮脐）、干姜各100克。,细锉，以酒120毫升渍，春夏5日，秋冬7日，去滓。,\t初服10毫升，稍加至60毫升，曝滓为散，服2克，日3次。,
157,,皮肤,皱纹,药用奇方,美容药酒,人参15克（或参须），益智仁15克，全当归20克，玉竹20克，天门冬20克，麦门冬20克，北五味子20克，炙黄精30克，制首乌30克，枸杞子30克，大生地30克。,将上药共为粗末，纱布袋贮装，用白酒2500毫升浸泡于瓶中，再加入白糖250克，浸泡10余天即成。,\t每日中晚餐各服20～30毫升，也可根据酒量适当增减。久服。,
158,,皮肤,皱纹,外用偏方,杏仁瓜蒌手膏,杏仁、瓜蒌瓤等量。,取上方共研末，用蜜糖调制成“手膏”。,\t常擦之。,
159,,皮肤,皱纹,药用奇方,补益和血酒,黄芪75克，党参75克，玉竹75克，红花45克，枸杞子75克。,将上药浸泡白酒2500毫升，一日后取出饮用。,\t随意饮用。,
160,,皮肤,皱纹,药用奇方,仙传种子药酒,白茯苓（去皮）500克，红枣（去核）250克，胡桃肉（去皮）300克，白蜂蜜（锅内熬滚前3味，搅匀，再以微火倾入瓷坛，加高烧酒15公斤，糯米白酒5公斤）3千克，黄芪（蜜炙）、人参、白术、川芎、炒白芍、生地、熟地、小茴、枸杞子、覆盆子、陈皮、沉香、木香、官桂、砂仁、甘草各75克，乳香、没药、五味子各15克。,为细末，入坛和匀，笋叶封口，面外固封，入锅内大柴火煮2炷香时间，取出埋土中3日去火气。,\t每日早晚饮数杯。,
161,,皮肤,皱纹,外用偏方,白雪膜,鲜鸡蛋3个。,将鸡蛋浸入好酒内，封存28天后。,\t每晚临卧前以鸡蛋清敷于皮肤，次日晨洗去。,
162,,皮肤,皱纹,外用偏方,天然美容浆,蛋黄1个，蜂蜜半汤匙，橄榄油1汤匙，柠檬汁3-4滴。,上方充分混合，搅拌成泥浆状。,\t使用前，先用热毛巾把脸敷一下，再把调好的美容浆液涂在皮肤上(眉毛及近睫毛处不要擦)，躺下后休息15-20分钟，再用清水洗去。秋冬季节每周做2-3次。连续使用一段时间。,
163,,皮肤,皱纹,外用偏方,蛋清面膜,蛋清。,,\t把皮肤洗净，在面部、颈部均匀地涂上蛋清，15-20分钟后洗去。,
164,,皮肤,皱纹,食疗药膳,红颜酒,胡桃肉120克（捣碎），小红枣120克（捣开），杏仁30克（泡去皮尖煮四、五沸，晒干研碎。），白蜜100克，酥油70克。,用好烧酒1000毫升，先以蜜、油溶开入酒，随将三味药入酒内浸七日后即成。,\t每早晚空饮1～2盅。久服。,
165,,皮肤,皱纹,食疗药膳,爱情蜜汁,燕窝9克，蜜枣6枚。,将燕窝清水泡开去杂质，与蜜枣置锅中，加900毫升水煮成300毫升。,\t饮用，每10日1次。,
166,,皮肤,皱纹,食疗药膳,桃花酒,桃花500克，白酒1000毫升。,将桃花浸入酒内。,\t适量饮用。,
167,,皮肤,皱纹,食疗药膳,生枸杞子酒,生枸杞子2升。,枸杞子以清酒搦碎，更添酒浸7日，滤去滓。,\t适量饮用。,
168,,皮肤,皱纹,食疗药膳,美容葡萄酒,葡萄干500克（研细末），糯米5000克（淘洗干净）。,糯米放木甑内蒸熟后，与葡萄末合匀，倾入瓷器中，加入适量的米酒（按家常做米酒之法），外加棉被覆盖保温。待酒酿至香甜后，倒出服用。,\t每早晚各服1小碗（约100克）。,
169,,皮肤,皱纹,药用奇方,逡巡酒,桃花（三月三日收）175克，马蔺花（五月五日收）275克，芝麻花（六月六日收）330克，黄甘菊花（九月九日收）495克，腊水（二十月八日取）30升，桃仁（春分时取）49枚（去皮尖），白面5千克。,以面同前花和，纸包49日，用时白水一瓶、曲一丸、面一块封，良久成矣，如淡再加一丸。,\t长期服用。,
170,,皮肤,皱纹,食疗药膳,二仙酒,龙眼肉500克，桂花蕊200克，砂糖400克，烧酒1坛。,上药浸酒内。,\t随意饮用。,
171,,皮肤,皱纹,食疗药膳,山药酒,山药适量。,用山药于砂盒中研细，入铫加酥1大匙，熬香，入酒1盏调合。,\t空腹饮用。,
172,,皮肤,皱纹,药用奇方,美生酒,当归（酒洗）、甘菊花各50克，龙眼肉400克，枸杞子200克，白酒浆3500克，滴烧酒1500克。,药以绢袋盛，悬放入坛中，入酒封固月余。,\t随意饮用。,
173,,皮肤,皱纹,药用奇方,徐国公仙酒,烧酒1坛，龙眼肉1000～1500克。,入酒浸泡。,\t早晚随量饮用。,
174,,皮肤,皱纹,外用偏方,橘皮黄豆汁,黄豆适量，橘皮10克。,将黄豆、橘皮煮水取汁。,\t每晚临卧前用此汁涂抹脸部和手部。,
175,,皮肤,皱纹,外用偏方,栗皮涂药,栗皮50克。,将栗皮研成细粉，用蜜调匀。,\t涂于面部。,
176,,皮肤,皱纹,外用偏方,面膜,苹果半个。,取苹果半个捣碎后，加蜂蜜1匙和面粉少许调成糊状。,\t使用时将这种糊状物涂于面部，30分钟后用温水洗去，每周1-2次。,
177,,皮肤,皱纹,外用偏方,香蕉护容剂,香蕉、鲜牛奶适量。,将成熟的香蕉和鲜牛奶搅拌，混合均匀后添加马铃薯粉，使之达到酸奶的浓度。此法适应干性皮肤。,\t使用时，将这种香蕉护容剂均匀地涂敷于面部，15～20分钟擦洗干净。每日一次，15天一个疗程，每隔一二个月可再重复一个疗程。,
178,,皮肤,皱纹,外用偏方,酵母护容剂,酵母50克。,取酵母50克，1汤匙小麦面粉，半汤匙糖，将它们溶于温水中并调成糊，待此糊发酵后即可使用。,\t使用时，把这种糊状物均匀地涂敷于面部并保持30分钟后，用清水洗脸。,
179,,皮肤,皱纹,外用偏方,橘子美容剂,橘子。,橘子连皮捣烂，放入工业酒精中（以浸没橘子为准），加适量蜜糖放一星期后过滤。,\t取其液涂面。亦可用橘子汁直接涂面。,
180,,皮肤,皱纹,外用偏方,柚子美容剂,柚子1个，脱脂奶粉、冰片适量。,柚子连皮捣烂，加适量奶粉，用冰片调成糊状。,\t用之敷面。,
181,,皮肤,皱纹,外用偏方,豆苗方,豆苗。,将豆苗压出的汁涂在面部，留存15分钟左右，然后用温水洗净，再涂上一层润肤霜。,\t每日一次，坚持使用数日。,
182,,皮肤,皱纹,外用偏方,蜂蜜面膜,蜂蜜、小麦粉。,在蜂蜜中加入适量小麦粉，加水调匀成糊状。,\t使用时将这种面膜均匀地涂敷于洗净的面部，15～20分钟再用水洗净。每周1～2次。,
183,,皮肤,皱纹,外用偏方,蛋黄面膜,鸡蛋黄1个。,"取鸡蛋黄1个，加少许麦粉或高岭土，再加适量纯净水调成糊状即可。
对于干性皮肤，可在蛋黄中配加1食匙蜂蜜和1食匙植物油（如橄榄油、桃仁油或玉米油）。","\t使用时，将这种蛋黄面膜均匀地敷于面部，15～20分钟后用水洗净。每周1～2次。
干性皮肤使用时先将洗净的面部涂上一层护肤膏，然后再涂上三层这种面膜，约半小时后用温水洗去。",
184,,皮肤,皱纹,外用偏方,蜂王浆美容剂,蜂王浆1份，甘油5份，白酒20份。,将上药加30份的纯净水和少量香料，充分混合，搅拌均匀后过滤即可。,\t用以涂面。,
185,,皮肤,皱纹,外用偏方,黄瓜减皱方,新鲜黄瓜。,将新鲜黄瓜切成小块，用白纱布榨汁,\t用药棉蘸汁涂擦面部（皱纹较深的部位要多擦）。,
186,,皮肤,皱纹,外用偏方,绿香蕉皮霜,绿香蕉皮。,绿香蕉皮用适量白酒浸泡（以没过香蕉皮为度）1～2月后过滤，得绿香蕉皮酒浸液，取这种酒浸液10份加0.6份的硼酸钠溶于25份水中；然后取15份凡士林、25份白油和25份蜂蜡，在搪瓷缸中混合并隔水加热熔化至75℃时，最后将水缓慢加入油中，边加边搅拌，搅冷至45℃滴几滴香精，混合后冷至室温即可。,\t每日擦脸、颈。,
187,,皮肤,皱纹,外用偏方,苹果蜂蜜,苹果半个。,取苹果半个捣碎后，加蜂蜜1匙和麦粉少许调成糊膏状。,\t使用时将这种膏状物涂于面部，30分钟后用温水洗净。每周1～2次。,
188,,皮肤,皱纹,外用偏方,人参杏仁方,人参精5滴，杏仁油5克，琥珀酸（丁二酸）微量。,上方混合，加50克凉开水，再加适量江米粉调制成糊状。,\t涂敷于皮肤，30分钟后用温水洗去。每周1～2次。,
189,,皮肤,皱纹,外用偏方,合面脂炼脂方,肥大猪脂。,以12月买极大猪脂，水渍7～8日，旦易水煎，取清脂投入水中。,\t每日涂于皮肤。,
190,,皮肤,皱纹,外用偏方,面上皱裂方,桃仁适量。,研为末，合猪脂熬数次。,\t晚上睡前涂抹皮肤。,
191,,皮肤,皱纹,外用偏方,丝瓜美容,丝瓜水。,把正在生长的丝瓜茎高于地面60厘米处拦腰切断。将上面的藤蔓去弃，使茎切口朝下，然后用一个玻璃瓶子把瓶口套在丝瓜茎的切口上，为了避免渗入雨水或虫子钻进去，瓶嘴要用铝薄片包起来，还要把瓶子在土中埋藏半截，不使瓶子倾倒，也便于丝瓜水畅通流进瓶中。为了多采汁液，必须选择丝瓜尚未成熟的时候进行。将采得的丝瓜水要放置一夜。,\t用纱布过滤后就可直接擦用,
192,,皮肤,皱纹,外用偏方,豆苗汁,豆苗。,豆苗压出的汁涂在皮肤上，留存15分钟左右，然后用温水洗净，再涂上一层润肤霜。,\t将每日一次，坚持使用数日。,
193,,皮肤,皮肤干裂,食疗药膳,大豆白芨粥,大豆300克，白芨9克，核桃仁9个，大米适量，白糖适量。,将大豆、白芨炒熟碾粉，用开水浸泡核桃仁5分钟后捞出，与浸泡一夜的大米混合碾碎，放在盆中，加水5-6杯，再浸泡后用纱布过滤；滤液倒入煮锅，加水三杯，与大豆白芨粉搅匀，加入白糖，煮成粥状,\t每日食用。,
194,,皮肤,皮肤干裂,外用偏方,瓜蒌粉膏外敷,瓜蒌粉90克，杏仁30克（去皮），猪胰1具。,将上药共研如膏。,\t每晚将皮肤洗净后涂之。,
195,,皮肤,皮肤干裂,外用偏方,防衰面脂,青木香、白附子、川芎、白蜡、香附子、零陵香、白芷各60克，茯苓、甘松香各30克，羊髓750克(炼)。,以上各植物药研成细末，用筛筛过，取极细粉末加水、酒各300毫升浸泡一夜，次晨放入锅内用小火煎至水、酒仅存三分之一后，滤渣取液，调入羊髓和白蜡，趁热合匀，密器保存备用。,\t每早晚洗脸后取少许涂于皮肤。,
196,,皮肤,皮肤干裂,食疗药膳,猪肤膏,猪皮60克，米粉15克，白蜂蜜30克。,新鲜猪皮去净毛，放人砂锅内，文火煨成浓汁后，再下白蜜、米粉熬成膏即成。,\t每服10克，每日3-4次，空腹食之。,
197,,皮肤,皮肤干裂,外用偏方,面脂方,防风45克，川芎45克，白芷45克，白僵蚕45克，土瓜根45克，藁本45克，葳蕤45克，茯苓45克，白蔹45克，细辛45克，瓜蒌仁45克，桃仁（去皮尖）45克，蜀水花45克，当归45克，青木香45克，辛夷45克，鹅脂500克，羊肾500克，猪脂1000克。,将上药切细，用细白布包裹后，放1000毫升酒内浸渍一昼夜，内脂中，急火煎之，三上三下，然后用缓火煎一夜，药成去渣，以寒水石粉15克内脂中，以柳木搅拌均匀贮于容器中。,\t夜晚涂于皮肤，晨洗去。,
198,,皮肤,皮肤干裂,药用奇方,阳春酒,人参、白术、熟地黄各25克，归身、天门冬、枸杞各15克，柏子仁、远志各12克。,上药用绢袋贮，以无灰好酒5斤，磁罐浸至一伏时。,\t每早午晚各饮一杯，热服。,
199,,皮肤,皮肤干裂,药用奇方,八仙酒,当归、牛膝、生地、杜仲、枸杞、五加皮各100克，土茯苓200克。,上药打碎，浸酒30斤。,\t随意饮用。,
200,,皮肤,皮肤干裂,药用奇方,八珍酒,当归（酒洗）、炒白术各150克，川芎、人参各50克，白芍（煨）、白茯苓（去皮）各100克，生地黄（酒洗）、红枣（去核）、核桃仁各200克，炙甘草75克，五加皮（酒洗，晒干）400克，好糯米酒40斤。,诸药咀片，入绢袋内，用酒煮约2炷香时间，埋净土中5日，取出静置约20天。,\t每日早、中、晚温服1～2盏。,
201,,皮肤,皮肤干裂,药用奇方,李冢宰药酒,桃仁、杏仁（去皮尖）各500克，脂麻（去皮炒熟）500克，苍术（去皮）200克，白茯苓、艾（去筋）、薄荷、小茴香各15克，铜钱5文，荆芥50克。,为细末，炼蜜和，烧酒一大坛，入药煮2小时，将药煮散，厚纸封埋土中7日，取出。,\t空腹饮2～3杯。,
202,,皮肤,皮肤干裂,药用奇方,马灌酒,天雄（生用）100克，蜀椒、商陆根、桂心、白蔹、茵芋、干姜、踯躅各50克，乌头1枚，附子120克。,(口父）咀，以绢袋装，盛酒6升浸泡，春夏5日，秋冬7日，去滓。,\t初服10毫升，稍加至40～60毫升；捣滓以散，酒服2克，日3次。,
203,,皮肤,皮肤干裂,药用奇方,壮元酒,生天雄（去皮脐）、白蔹各150克，茵芋50克，炒蜀椒、羊踯躅各100克，生乌头（去皮脐）、生附子（去皮脐）、干姜各100克。,细锉，以酒120毫升渍，春夏5日，秋冬7日，去滓。,\t初服10毫升，稍加至60毫升，曝滓为散，服2克，日3次。,
204,,皮肤,皮肤干裂,药用奇方,美容药酒,人参15克（或参须），益智仁15克，全当归20克，玉竹20克，天门冬20克，麦门冬20克，北五味子20克，炙黄精30克，制首乌30克，枸杞子30克，大生地30克。,将上药共为粗末，纱布袋贮装，用白酒2500毫升浸泡于瓶中，再加入白糖250克，浸泡10余天即成。,\t每日中晚餐各服20～30毫升，也可根据酒量适当增减。久服。,
205,,皮肤,皮肤干裂,外用偏方,杏仁瓜蒌手膏,杏仁、瓜蒌瓤等量。,取上方共研末，用蜜糖调制成“手膏”。,\t常擦之。,
206,,皮肤,皮肤干裂,药用奇方,补益和血酒,黄芪75克，党参75克，玉竹75克，红花45克，枸杞子75克。,将上药浸泡白酒2500毫升，一日后取出饮用。,\t随意饮用。,
207,,皮肤,皮肤干裂,药用奇方,仙传种子药酒,白茯苓（去皮）500克，红枣（去核）250克，胡桃肉（去皮）300克，白蜂蜜（锅内熬滚前3味，搅匀，再以微火倾入瓷坛，加高烧酒15公斤，糯米白酒5公斤）3千克，黄芪（蜜炙）、人参、白术、川芎、炒白芍、生地、熟地、小茴、枸杞子、覆盆子、陈皮、沉香、木香、官桂、砂仁、甘草各75克，乳香、没药、五味子各15克。,为细末，入坛和匀，笋叶封口，面外固封，入锅内大柴火煮2炷香时间，取出埋土中3日去火气。,\t每日早晚饮数杯。,
208,,皮肤,皮肤干裂,外用偏方,白雪膜,鲜鸡蛋3个。,将鸡蛋浸入好酒内，封存28天后。,\t每晚临卧前以鸡蛋清敷于皮肤，次日晨洗去。,
209,,皮肤,皮肤干裂,外用偏方,天然美容浆,蛋黄1个，蜂蜜半汤匙，橄榄油1汤匙，柠檬汁3-4滴。,上方充分混合，搅拌成泥浆状。,\t使用前，先用热毛巾把脸敷一下，再把调好的美容浆液涂在皮肤上(眉毛及近睫毛处不要擦)，躺下后休息15-20分钟，再用清水洗去。秋冬季节每周做2-3次。连续使用一段时间。,
210,,皮肤,皮肤干裂,食疗药膳,红颜酒,胡桃肉120克（捣碎），小红枣120克（捣开），杏仁30克（泡去皮尖煮四、五沸，晒干研碎。），白蜜100克，酥油70克。,用好烧酒1000毫升，先以蜜、油溶开入酒，随将三味药入酒内浸七日后即成。,\t每早晚空饮1～2盅。久服。,
211,,皮肤,皮肤干裂,食疗药膳,爱情蜜汁,燕窝9克，蜜枣6枚。,将燕窝清水泡开去杂质，与蜜枣置锅中，加900毫升水煮成300毫升。,\t饮用，每10日1次。,
212,,皮肤,皮肤干裂,食疗药膳,桃花酒,桃花500克，白酒1000毫升。,将桃花浸入酒内。,\t适量饮用。,
213,,皮肤,皮肤干裂,食疗药膳,生枸杞子酒,生枸杞子2升。,枸杞子以清酒搦碎，更添酒浸7日，滤去滓。,\t适量饮用。,
214,,皮肤,皮肤干裂,食疗药膳,美容葡萄酒,葡萄干500克（研细末），糯米5000克（淘洗干净）。,糯米放木甑内蒸熟后，与葡萄末合匀，倾入瓷器中，加入适量的米酒（按家常做米酒之法），外加棉被覆盖保温。待酒酿至香甜后，倒出服用。,\t每早晚各服1小碗（约100克）。,
215,,皮肤,皮肤干裂,药用奇方,逡巡酒,桃花（三月三日收）175克，马蔺花（五月五日收）275克，芝麻花（六月六日收）330克，黄甘菊花（九月九日收）495克，腊水（二十月八日取）30升，桃仁（春分时取）49枚（去皮尖），白面5千克。,以面同前花和，纸包49日，用时白水一瓶、曲一丸、面一块封，良久成矣，如淡再加一丸。,\t长期服用。,
216,,皮肤,皮肤干裂,食疗药膳,二仙酒,龙眼肉500克，桂花蕊200克，砂糖400克，烧酒1坛。,上药浸酒内。,\t随意饮用。,
217,,皮肤,皮肤干裂,食疗药膳,山药酒,山药适量。,用山药于砂盒中研细，入铫加酥1大匙，熬香，入酒1盏调合。,\t空腹饮用。,
218,,皮肤,皮肤干裂,药用奇方,美生酒,当归（酒洗）、甘菊花各50克，龙眼肉400克，枸杞子200克，白酒浆3500克，滴烧酒1500克。,药以绢袋盛，悬放入坛中，入酒封固月余。,\t随意饮用。,
219,,皮肤,皮肤干裂,药用奇方,徐国公仙酒,烧酒1坛，龙眼肉1000～1500克。,入酒浸泡。,\t早晚随量饮用。,
220,,皮肤,皮肤干裂,外用偏方,橘皮黄豆汁,黄豆适量，橘皮10克。,将黄豆、橘皮煮水取汁。,\t每晚临卧前用此汁涂抹脸部和手部。,
221,,皮肤,皮肤干裂,外用偏方,栗皮涂药,栗皮50克。,将栗皮研成细粉，用蜜调匀。,\t涂于面部。,
222,,皮肤,皮肤干裂,外用偏方,面膜,苹果半个。,取苹果半个捣碎后，加蜂蜜1匙和面粉少许调成糊状。,\t使用时将这种糊状物涂于面部，30分钟后用温水洗去，每周1-2次。,
223,,皮肤,皮肤干裂,外用偏方,香蕉护容剂,香蕉、鲜牛奶适量。,将成熟的香蕉和鲜牛奶搅拌，混合均匀后添加马铃薯粉，使之达到酸奶的浓度。此法适应干性皮肤。,\t使用时，将这种香蕉护容剂均匀地涂敷于面部，15～20分钟擦洗干净。每日一次，15天一个疗程，每隔一二个月可再重复一个疗程。,
224,,皮肤,皮肤干裂,外用偏方,酵母护容剂,酵母50克。,取酵母50克，1汤匙小麦面粉，半汤匙糖，将它们溶于温水中并调成糊，待此糊发酵后即可使用。,\t使用时，把这种糊状物均匀地涂敷于面部并保持30分钟后，用清水洗脸。,
225,,皮肤,皮肤干裂,外用偏方,橘子美容剂,橘子。,橘子连皮捣烂，放入工业酒精中（以浸没橘子为准），加适量蜜糖放一星期后过滤。,\t取其液涂面。亦可用橘子汁直接涂面。,
226,,皮肤,皮肤干裂,外用偏方,柚子美容剂,柚子1个，脱脂奶粉、冰片适量。,柚子连皮捣烂，加适量奶粉，用冰片调成糊状。,\t用之敷面。,
227,,皮肤,皮肤干裂,外用偏方,豆苗方,豆苗。,将豆苗压出的汁涂在面部，留存15分钟左右，然后用温水洗净，再涂上一层润肤霜。,\t每日一次，坚持使用数日。,
228,,皮肤,皮肤干裂,外用偏方,蜂蜜面膜,蜂蜜、小麦粉。,在蜂蜜中加入适量小麦粉，加水调匀成糊状。,\t使用时将这种面膜均匀地涂敷于洗净的面部，15～20分钟再用水洗净。每周1～2次。,
229,,皮肤,皮肤干裂,外用偏方,蛋黄面膜,鸡蛋黄1个。,"取鸡蛋黄1个，加少许麦粉或高岭土，再加适量纯净水调成糊状即可。
对于干性皮肤，可在蛋黄中配加1食匙蜂蜜和1食匙植物油（如橄榄油、桃仁油或玉米油）。","\t使用时，将这种蛋黄面膜均匀地敷于面部，15～20分钟后用水洗净。每周1～2次。
干性皮肤使用时先将洗净的面部涂上一层护肤膏，然后再涂上三层这种面膜，约半小时后用温水洗去。",
230,,皮肤,皮肤干裂,外用偏方,蜂王浆美容剂,蜂王浆1份，甘油5份，白酒20份。,将上药加30份的纯净水和少量香料，充分混合，搅拌均匀后过滤即可。,\t用以涂面。,
231,,皮肤,皮肤干裂,外用偏方,黄瓜减皱方,新鲜黄瓜。,将新鲜黄瓜切成小块，用白纱布榨汁,\t用药棉蘸汁涂擦面部（皱纹较深的部位要多擦）。,
232,,皮肤,皮肤干裂,外用偏方,人参杏仁方,人参精5滴，杏仁油5克，琥珀酸（丁二酸）微量。,上方混合，加50克凉开水，再加适量江米粉调制成糊状。,\t涂敷于皮肤，30分钟后用温水洗去。每周1～2次。,
233,,皮肤,皮肤干裂,外用偏方,合面脂炼脂方,肥大猪脂。,以12月买极大猪脂，水渍7～8日，旦易水煎，取清脂投入水中。,\t每日涂于皮肤。,
234,,皮肤,皮肤干裂,外用偏方,面上皱裂方,桃仁适量。,研为末，合猪脂熬数次。,\t晚上睡前涂抹皮肤。,
235,,皮肤,皮肤干裂,外用偏方,丝瓜美容,丝瓜水。,把正在生长的丝瓜茎高于地面60厘米处拦腰切断。将上面的藤蔓去弃，使茎切口朝下，然后用一个玻璃瓶子把瓶口套在丝瓜茎的切口上，为了避免渗入雨水或虫子钻进去，瓶嘴要用铝薄片包起来，还要把瓶子在土中埋藏半截，不使瓶子倾倒，也便于丝瓜水畅通流进瓶中。为了多采汁液，必须选择丝瓜尚未成熟的时候进行。将采得的丝瓜水要放置一夜。,\t用纱布过滤后就可直接擦用,
236,,皮肤,皮肤干裂,外用偏方,豆苗汁,豆苗。,豆苗压出的汁涂在皮肤上，留存15分钟左右，然后用温水洗净，再涂上一层润肤霜。,\t将每日一次，坚持使用数日。,
237,,皮肤,皮肤暗黄,外用偏方,稣梨美容方,梨子。,梨子去核后捣烂，加适量天然乳酪混合成糊状物。,\t用之敷于皮肤，保持15～20分钟，用清水把皮肤洗净。适用于中、油性皮肤。,
238,,皮肤,皮肤暗黄,外用偏方,蒌杏涂药,瓜蒌实100克，杏仁50克。,上药共研细粉。,\t以生猪油调涂。,
239,,皮肤,皮肤暗黄,外用偏方,大蒜美容水,大蒜适量。,取生大蒜头压榨取汁，其汁密封存放在冰箱中一周。将食用植物油掺入该大蒜汁中，再在冰箱中存放一个半月，然后从此混合物中收集大蒜汁，即可得到脱臭大蒜汁。取脱臭大蒜汁0.5～1份，加入5份甘油、1份硼砂、10份纯化工业酒精和80份纯化水，充分搅拌均匀，静置一周后过滤，即可得到大蒜美容水。,\t每日取适量涂面。,
240,,皮肤,皮肤暗黄,外用偏方,黑丑草果白果方,黑丑、草果、白果各等份。,上三味共研粉状过筛（120目），再用淘米水浸渍15小时，之后用此水充分洗脸，并擦一薄层鸡蛋清，5分钟后洗去，再涂一层营养霜。,\t每晚睡觉前进行一次。,
241,,皮肤,皮肤暗黄,外用偏方,果蔬面膜,新鲜果蔬（如苹果、柠檬、黄瓜、番茄等）一种或几种。,取新鲜果蔬一种或几种，洗净后捣碎取汁，加入适量的表粉，用洁净水调成浆状。,\t把这种果蔬汁制成的面膜均匀地涂敷于面部，15～20分钟后用清水洗净，然后涂上一层营养霜，每日1～2次。,
242,,皮肤,皮肤暗黄,外用偏方,牛奶面膜,牛奶、小麦面粉适量。,取新鲜牛奶加入少量小麦面粉，搅成糊状。,\t均匀涂敷面部，15～20分钟后，用清水洗净，每周1～2次。,
243,,皮肤,皮肤暗黄,外用偏方,冬瓜洗面药,冬瓜。,冬瓜一个，用竹刀去青皮切片，酒1.5升，水1升，同煮烂用竹绵滤去滓，过滤去滓熬膏，入蜜500克，再熬稀稠适中，过滤。,\t每取栗子大用津液调涂面上手擦。,
244,,皮肤,皮肤暗黄,外用偏方,蛋白柠檬护容剂,鸡蛋清、柠檬汁。,每剂鸡蛋清一个，柠檬汁1汤匙。混合均匀。,\t涂面部，15分钟后以温水洗去。,
245,,皮肤,皮肤暗黄,外用偏方,白面蛋子膜,鸡蛋3个，酒适量。,鸡蛋酒浸28日，密封。,\t每夜以蛋白敷面，久久自白。,
246,,皮肤,皮肤暗黄,外用偏方,羊胫骨增白方,羊胫骨髓100克，鸡子白2枚。,羊胫骨髓与鸡子白和匀。,\t每夜敷之，二三日面白皮嫩。,
248,,胸部,平胸,按摩疗法,双掌推运乳房,,,\t一手掌面托起同侧乳房的底部，另一手掌面放在另一侧乳房的上部，然后双手掌相对向乳沟方向合力推运10次。,
249,,胸部,平胸,按摩疗法,按揉膻中,,,\t用食指与中指指腹叠加按揉膻中穴20~30次，手法由轻至重。,
250,,胸部,平胸,按摩疗法,按揉乳根,,,\t用食指和中指指腹叠加按揉两侧乳根穴20~30次。,
251,,胸部,平胸,按摩疗法,按揉天池,,,\t用中指指腹按揉两侧天池穴各20~30次。,
252,,胸部,平胸,按摩疗法,按揉膺窗,,,\t用中指指腹按揉两侧膺窗穴各20~30次。,
253,,精神,精气神,食疗药膳,仙芪茶,生黄芪10克、仙鹤草20克，水500毫升。,浸泡1小时，煮开20分钟后取汁。,"\t1、辰时(上午7—9点) 1次饮完。
\n\t2、连服1个月气虚症状可明显改善。",
254,,精神,精气神,食疗药膳,保元茶,党参6克、炙黄芪10克、生甘草2克、肉桂1克，水300毫升。,烧开后小火煎10分钟。,"\t1、最佳饮用时间：酉时(下午5～7点)。
\n\t2、晚饭前半小时饮用，每日1剂。
\n\t3、适宜于四肢不温、夜尿频多、倦怠乏力、大便溏泄的阳虚体质老人。如坚持每天饮用，3个月后畏寒减轻、尿频减少、精力充沛。\n\t4、健康的中老年朋友可隔日饮用1剂。",
255,,精神,精气神,食疗药膳,三才茶,天门冬9克、生地黄9克、人参6克，水800毫升。,浓煎至400毫升。,"\t1、分2次温服，每日1剂。
2、适合精气不足阴虚者长期服用，一般1个月后便会感觉口中津液源源不断、身体清爽。（精气不足阴虚者，其表现为口干舌燥、盗汗潮热、身体消瘦、手足汗多、失眠心烦、干咳少痰、大便干结）。",
256,,精神,精气神,食疗药膳,甘麦茶,炙甘草6克、淮小麦30克、大枣10枚。,将三味药放入保温杯中，冲入沸水，盖闷10~15分钟。,"\t1、最佳饮用时间：戌时(晚上7-9点)。
\n\t2、晚上睡前1小时饮用，并将大枣嚼服。
\n\t3、心烦者可加莲子心3克；脾气急躁易怒者可加合欢花10克；多梦者可加石菖蒲3克。
\n\t4、不宜同服浓茶、咖啡等有兴奋作用的饮料。一般连饮1个月后，改善睡眠作用明显。 ",
257,,精神,精气神,食疗药膳,小米绿豆粥,小米、绿豆各适量。,加适量水，熬粥。,\t每日服用。,
258,,精神,精气神,食疗药膳,地黄汤,地黄适量。,加适量水，熬汤。,\t每周2~3次服用。,
259,,精神,抑郁感,食疗药膳,萱草忘忧汤,合欢皮(花)15克，白茯苓12克，郁金10克，浮小麦30克，百合15克，金针菜30克，红枣(去核)六枚，猪瘦肉150克。,煲汤食肉。,"\t1、每周3次。
\n\t2、可连服1疗程，即2~4周。",
260,,精神,抑郁感,药用奇方,柴胡疏肝散加减,柴胡、芍药、枳壳、川芎、香附各9克，炙甘草3克。,水煎服，每日1剂。,"\t1、分2次温服。
\n\t2、加减：
\n\t1）胸闷、胁胀、嗳气，证属气机郁滞甚者，加郁金、青皮、佛手；
\n\t2）咽中有异物梗塞感，吐之不出，咽之不下，证属梅核气者，加瓜萎、海石、桔梗、玉蝴蝶；
\n\t3）头痛、烦躁、胁肋胀满，口干口苦，证属气郁化火者，加牡丹皮、栀子、黄连、竹茹；
\n\t4）精神恍惚，悲忧善哭，不能自主，证属脏躁者，加酸枣仁、茯神、生龙骨、生牡蛎。",
261,,精神,抑郁感,药用奇方,开郁老蔻丸,柴胡15克，青皮10克，木香10克，厚朴10克，肉豆蔻5克，肉桂5克，槟榔5克，白术10克，当归10克，三棱5克，莪术5克，山楂10克，莱菔子15克，神曲5克，甘草5克。,水煎服，每日1剂。,"\t1、分2次温服。
\n\t2、肝郁气滞偏重者(情绪不稳、胸闷腹胀、嗳气)加香附、郁金，减丁香；
\n\t3、久郁伤神偏重者(焦虑失眠)加夜交藤、珍珠母，减厚朴、肉桂、山楂。
\n\t4、肝气横逆犯脾、脾胃虚湿偏重者(不思饮食、倦怠疲乏、苔厚腻)加苍术，减白术。
\n\t5、2周为1个疗程。",
262,,精神,抑郁感,药用奇方,木郁达之-心肾不交 ,合欢花15克，郁金、炒白芍、当归、朱茯苓各10克，磁石20克，琥珀粉(冲)3克，生龙骨、生牡蛎各30克，黄连10克，肉桂3克，酸枣仁20克，夜交藤30克，胆南星6克，竹茹、炙甘草各6克。,5剂，水煎服。,\t每日1剂，分2次服。,
263,,精神,抑郁感,药用奇方,木郁达之-痰气郁结 ,柴胡10克，枳壳6克，炒白芍、当归、杏仁各10克，厚朴6克，旋覆花(包)10克，海浮石9克，枇杷叶10克，川贝6克，威灵仙12克，玄参20克，桔梗、炙甘草各6克。,5剂，水煎服。,\t每日1剂，分2次服。,
264,,精神,抑郁感,药用奇方,木郁达之- 脏躁 ,合欢花15克，郁金10克，炒白芍12克，当归10克，小麦、百合各30克，炒黄连4.5克，朱茯苓10克，磁石20克，杏仁、旋覆花(包)各10克，生龙骨、生牡蛎各30克，炒酸枣仁20克，炙甘草10克。,5剂，水煎服。,\t每日1剂，分2次服。,
265,,精神,抑郁感,药用奇方,木郁达之- 督脉郁火,生地黄10克，知母、黄柏各6克，肉桂1克，怀牛膝、栀子、青蒿各6克，合欢花15克，郁金、山药各10克，砂仁6克。,3剂，水煎服。,\t每日1剂，分3次服。,
266,,精神,抑郁感,药用奇方,祛郁汤,枇杷叶10克，郁金10克，泽兰10克，藕节15克。,水煎服，每日1剂。,"\t1、3～5剂为1个疗程。
\n\t2、兼有梅核气者加半夏厚朴汤；
\n\t3、气虚者加黄芪、党参；
\n\t4、食滞者加山楂、麦芽；
\n\t5、痰湿内盛者加二陈汤；
\n\t6、胸痛者加瓜萎薤白汤。",
267,,精神,抑郁感,药用奇方,消郁神安汤,柴胡18克，白芍15克，枣仁12克，茯苓10克，五味子12克，知母9克，当归12克，夜交藤15克。,水煎服，每日1剂。,"\t1、气郁加香附；
\n\t2、心神不宁者加生龙骨、生牡蛎。
\n\t3、1周为1个疗程，治疗1～3个疗程。",
268,,精神,抑郁感,药用奇方,小柴胡汤,柴胡10克，黄芩10克，党参10克，法半夏10克，川楝子10克，延胡索10克，厚朴10克，青皮、陈皮各10克，佛手18克，大腹皮10克，枳壳6克，五味子10克，麦门冬10克，天花粉30克，郁金10克。,水煎服，每日1剂。,\t1、肝郁化火加牡丹皮、栀子；\n\t2、气滞痰郁加四七汤化裁；\n\t3、心脾两虚加黄芪、白术、当归、茯神；\n\t4、阴虚火旺将党参改为太子参、沙参。\n\t5、每日1剂，水煎分2次服。,
269,,精神,抑郁感,药用奇方,甘麦大枣汤加味,法半夏15g，茯苓20g，胆南星10g，枳实10g，川贝母10g，海蛤粉10g，旋覆花10g，丹参10g，太子参15g，天冬10g，麦冬10g，郁金10g，甘草10g。,7剂，水煎服。,\t日1剂，分2次服。,
270,,精神,抑郁感,外用偏方,开膈膏,党参、白术、苍术、黄芪、茯苓、甘草、生地、熟地、当归、白芍、川芎、天冬、麦冬、黄连同吴萸炒、黄柏、知母、贝母、青皮、陈皮、半夏、胆星、乌药、香附、厚朴、枳实、桔梗、栝楼、连翘、红花、神曲、麦芽、山楂、槟榔、木通、苏子、草蔻仁、砂仁、木香、丁香、藿香、乳香、大黄、巴豆、黑丑、莪术、三棱、草乌、官桂、雄黄、明矾、郁金、牙皂各五钱，生姜二两，乌梅七个，凤仙子一钱。,油，丹熬。,\t贴。,
271,,精神,抑郁感,外用偏方,平肝顺气和中膏,苍术、香附各二两，陈皮、川芎、栀子、神曲、枳实、青皮、半夏、麦冬、吴萸、黄连、赤苓、砂仁、木香、山楂、干姜、甘草、苏子、萝卜子、白芥子各一两。,丹油熬。,"\t即越鞠加味也。
",
272,,精神,抑郁感,外用偏方,理气膏,党参、黄芪、苍术、白术、蓬术、香附、柴胡、青皮、陈皮、枳实、南星、半夏、厚朴、槟榔、山楂、草果、羌活、防风、前胡、苏子、杏仁、乌药、郁金、川芎、当归、白芍、黄芩、黄连、黄柏、栀子、葶苈、桔梗、桑皮、吴萸、栝楼、白芷、麦芽、木通、泽泻、赤苓、延胡、灵脂、大黄、黑丑、官桂、草乌、红花、菖蒲、皂角、木鳖仁、僵蚕、全蝎、山甲、白芥子、萝卜子、川楝子、川椒、细辛、木香、藿香、茴香、灵仙、乳香、没药、巴仁、甘草各一两。,油熬、丹收。入牛胶二两，苏合丸三钱搅。另：姜、葱、韭、蒜、槐、柳、桃、桑枝各半两，凤仙全株。油熬、丹收。入薄荷油二钱。,\t两膏合并摊贴。,
273,,,,,,,,,
274,,,,,,,,,
275,,精神,自卑感,药用奇方,黄精膏,黄精500克，蜂蜜250克。,\t黄精煮烂调入蜂蜜收膏。,\t每日早晚各服1次，每次1汤匙，用开水冲服或隔水炖热后服用。,
276,,精神,自卑感,食疗药膳,五味猪肝,当归10克，白芍10克，柴胡10克，吴茱萸6克，熟地10克，猪肝1副。,\t猪肝汆烫后切片，加入所有食材和适量水，小火慢炖30分钟后，调味即可。,\t每日服用1次。,
277,,精神,自卑感,认知干预,重新归因法,,,\t对自己的非现实性假设作严格的逻辑批判，从而作出对挫折和失败更为客观现实的归因。而通过“认知重建”则可以学会如何正确地使用思维工具来代替非逻辑的认知，从而克服负性自动想法。 ,
278,,精神,自卑感,认知干预,语义分析技术,,,\t通过语义分析与转换把代表他深层的错误观念的无意义的句子转变成具体的、有特定意义的句子，学会把“我”分解成一些特定的事件和行为，并在一定的社会参照下来评价它们，学会依据较为客观的标准来看待自己的问题，从而能够用对具体事件的评价来代替对自我的整体性评价，对自己的不适应行为以及这些行为以外的其他行为有更为客观的认识。 ,
279,,精神,自卑感,认知干预,灾变祛除法,,,\t通过严密的逻辑分析认识到自己对事物的不良后果的可能性估计过高，过分夸大灾难性后果，从而祛除这种夸张性的认知。,
280,,精神,孤独感,团体辅导,团体回忆治疗,,,\t团体回忆治疗通常是在团体活动或团体环境中进行，以口头回忆或无声回忆的方式对过往快乐或不快乐的事件进行回忆，通过回忆使大家产生共鸣，以更好的促进小组成员之间的互动，使他们产生归属感和凝聚力，并在活动中产生快乐，以减轻不愉快的体验。,
281,,精神,孤独感,行为治疗,角色扮演,,,\t角色扮演是自己扮演某一特定的角色，模仿现实生活情境，以戏剧演出的形式宣泄和释放压抑着的情感，从而达到排除负性心理的目的。,
282,,精神,孤独感,行为治疗,社会技能训练,,,\t使用学习理论的特殊原理促进人际交往所需技巧的发展与掌握，如学习与人目光接触、聆听态度，姿势训练、打招呼、答与问、自我表达等，反复练习，以提高社交能力，以建立良好的人际关系，减少孤独感。,
283,,精神,空虚感,团体辅导,团体回忆治疗,,,\t团体回忆治疗通常是在团体活动或团体环境中进行，以口头回忆或无声回忆的方式对过往快乐或不快乐的事件进行回忆，通过回忆使大家产生共鸣，以更好的促进小组成员之间的互动，使他们产生归属感和凝聚力，并在活动中产生快乐，以减轻不愉快的体验。,
284,,精神,焦虑感,药用奇方,百合根水,百合根7个，鸡蛋2个。,\t用水浸泡一晚上，然后倒入两杯水，熬煮至水变成一杯，倒入蛋黄煮熟。,\t每日1次服用。,
285,,精神,焦虑感,药用奇方,白茯神水,白茯神12克。,\t倒入700ml水熬煮。,\t每日1杯。,
286,,精神,焦虑感,药用奇方,紫苏叶汤,10张紫苏叶。,\t加水熬汤。,\t每周3-5次。,
287,,精神,焦虑感,食疗药膳,莲藕汁,新鲜莲藕。,\t洗净、脱皮、磨碎，最后用纱布挤汁。,\t按每千克体重10毫升的量饮用，每日1次。,
288,,精神,焦虑感,认知干预,系统脱敏疗法,,,\t系统脱敏疗法是诱导求治者缓慢地暴露出导致焦虑的情境中，并通过心理的放松状态来对抗这种焦虑情绪，从而达到消除焦虑的目的。,
289,,精神,衰老感,药用奇方,人参莲肉汤,白人参10克，莲子10枚，冰糖30克。,\t（1）将白人参、莲子（去心）放在碗内，加水发泡，再加入冰糖。\t（2）将盛药物的碗置于蒸锅内，隔水蒸炖1小时。\t（3）食用时，喝汤吃肉。\t（4）人参连续使用3次，到第三次时连同人参一起吃下。,\t每日1次服用。,
290,,精神,衰老感,药用奇方,延寿膏,天冬、远志、巴戟肉、山药、柏子仁、泽泻、熟地、川椒、生地、杞子、茯苓、复盆子、赤石脂、车前子、杜仲、吐丝子、牛膝、苁蓉各30克，当归、地骨皮、五味子各15克。,\t水煎3次，浓缩加入人参粉30克，蜂蜜250克，调匀收膏。,\t每日早晚各服1次，每次1汤匙，用开水冲服或隔水炖热后服用。,
291,,精神,衰老感,食疗药膳,鹌鹑肉片,鹌鹑肉100克，冬笋10克，水发口蘑5克，黄瓜15克，鸡蛋清半个，酱油、料酒、花椒水、精盐、水豆粉、味精、清汤适量。,\t（1）鹌鹑肉切片，用蛋清、水豆粉搅匀，冬笋、口蘑、黄瓜切片。\t（2）鹌鹑炒熟，加入清汤、调料、素菜，盛入碗内即成。,\t每周3-5次。,
292,,精神,衰老感,食疗药膳,人参黄芪粥,人参5克，粳米80克，白术10克，黄芪20克，白糖5克。,\t将人参、黄芪、白术去净灰渣，加工成薄片，用清水浸泡40分钟，放入砂锅，加水煎开改用小火慢煎成浓汁，取出药汁后，再加水煎开后取汁。,\t早晚各食1次。,
293,,精神,衰老感,食疗药膳,人参粥,人参粉3克，粳米100克，冰糖适量。,"\t（1）将粳米淘净，放砂锅(或铝锅)内，人参粉(或片)放入
锅中，加水适量。\t（2）将锅置大火上烧开，移小火上煎熬至熟。\t（3）将冰糖放入锅中，加水适量，熬汁。待粥熟后，徐徐加入冰糖汁，搅匀即成。",\t食用时，当饭吃，吃饱，常服有效。,
